"id","date","symbol","price","created_at"
4992,"2020-01-02","AAPL",72.96046447753906,"2024-04-06 16:49:27.817675+00"
4993,"2020-01-03","AAPL",72.25114440917969,"2024-04-06 16:49:27.817676+00"
4994,"2020-01-06","AAPL",72.82685089111328,"2024-04-06 16:49:27.817677+00"
4995,"2020-01-07","AAPL",72.48434448242188,"2024-04-06 16:49:27.817678+00"
4996,"2020-01-08","AAPL",73.65034484863281,"2024-04-06 16:49:27.817679+00"
4997,"2020-01-09","AAPL",75.21473693847656,"2024-04-06 16:49:27.81768+00"
4998,"2020-01-10","AAPL",75.3847885131836,"2024-04-06 16:49:27.817681+00"
4999,"2020-01-13","AAPL",76.99533081054688,"2024-04-06 16:49:27.817682+00"
5000,"2020-01-14","AAPL",75.95564270019531,"2024-04-06 16:49:27.817683+00"
5001,"2020-01-15","AAPL",75.63015747070312,"2024-04-06 16:49:27.817684+00"
5002,"2020-01-16","AAPL",76.57750701904297,"2024-04-06 16:49:27.817685+00"
5003,"2020-01-17","AAPL",77.42529296875,"2024-04-06 16:49:27.817686+00"
5004,"2020-01-21","AAPL",76.90059661865234,"2024-04-06 16:49:27.817687+00"
5005,"2020-01-22","AAPL",77.17510223388672,"2024-04-06 16:49:27.817689+00"
5006,"2020-01-23","AAPL",77.54676055908203,"2024-04-06 16:49:27.81769+00"
5007,"2020-01-24","AAPL",77.3232650756836,"2024-04-06 16:49:27.817691+00"
5008,"2020-01-27","AAPL",75.04955291748047,"2024-04-06 16:49:27.817693+00"
5009,"2020-01-28","AAPL",77.17265319824219,"2024-04-06 16:49:27.817694+00"
5010,"2020-01-29","AAPL",78.78807067871094,"2024-04-06 16:49:27.817695+00"
5011,"2020-01-30","AAPL",78.67388916015625,"2024-04-06 16:49:27.817696+00"
5012,"2020-01-31","AAPL",75.18560028076172,"2024-04-06 16:49:27.817697+00"
5013,"2020-02-03","AAPL",74.9791259765625,"2024-04-06 16:49:27.817698+00"
5014,"2020-02-04","AAPL",77.45445251464844,"2024-04-06 16:49:27.817699+00"
5015,"2020-02-05","AAPL",78.08605194091797,"2024-04-06 16:49:27.8177+00"
5016,"2020-02-06","AAPL",78.99940490722656,"2024-04-06 16:49:27.817701+00"
5017,"2020-02-07","AAPL",77.92559814453125,"2024-04-06 16:49:27.817702+00"
5018,"2020-02-10","AAPL",78.29570007324219,"2024-04-06 16:49:27.817703+00"
5019,"2020-02-11","AAPL",77.82332611083984,"2024-04-06 16:49:27.817704+00"
5020,"2020-02-12","AAPL",79.6714859008789,"2024-04-06 16:49:27.817705+00"
5021,"2020-02-13","AAPL",79.10411834716797,"2024-04-06 16:49:27.817706+00"
5022,"2020-02-14","AAPL",79.12358856201172,"2024-04-06 16:49:27.817707+00"
5023,"2020-02-18","AAPL",77.67478942871094,"2024-04-06 16:49:27.817708+00"
5024,"2020-02-19","AAPL",78.79973602294922,"2024-04-06 16:49:27.817709+00"
5025,"2020-02-20","AAPL",77.99132537841797,"2024-04-06 16:49:27.81771+00"
5026,"2020-02-21","AAPL",76.22601318359375,"2024-04-06 16:49:27.817711+00"
5027,"2020-02-24","AAPL",72.605224609375,"2024-04-06 16:49:27.817712+00"
5028,"2020-02-25","AAPL",70.14595031738281,"2024-04-06 16:49:27.817713+00"
5029,"2020-02-26","AAPL",71.25869750976562,"2024-04-06 16:49:27.817714+00"
5030,"2020-02-27","AAPL",66.60065460205078,"2024-04-06 16:49:27.817715+00"
5031,"2020-02-28","AAPL",66.56168365478516,"2024-04-06 16:49:27.817716+00"
5032,"2020-03-02","AAPL",72.75865173339844,"2024-04-06 16:49:27.817717+00"
5033,"2020-03-03","AAPL",70.44786071777344,"2024-04-06 16:49:27.817719+00"
5034,"2020-03-04","AAPL",73.71556091308594,"2024-04-06 16:49:27.817719+00"
5035,"2020-03-05","AAPL",71.32445526123047,"2024-04-06 16:49:27.817721+00"
5036,"2020-03-06","AAPL",70.37726593017578,"2024-04-06 16:49:27.817721+00"
5037,"2020-03-09","AAPL",64.81097412109375,"2024-04-06 16:49:27.817722+00"
5038,"2020-03-10","AAPL",69.478759765625,"2024-04-06 16:49:27.817723+00"
5039,"2020-03-11","AAPL",67.06573486328125,"2024-04-06 16:49:27.817725+00"
5040,"2020-03-12","AAPL",60.44268035888672,"2024-04-06 16:49:27.817726+00"
5041,"2020-03-13","AAPL",67.68421936035156,"2024-04-06 16:49:27.817727+00"
5042,"2020-03-16","AAPL",58.97684097290039,"2024-04-06 16:49:27.817728+00"
5043,"2020-03-17","AAPL",61.57006072998047,"2024-04-06 16:49:27.817729+00"
5044,"2020-03-18","AAPL",60.06282424926758,"2024-04-06 16:49:27.81773+00"
5045,"2020-03-19","AAPL",59.602622985839844,"2024-04-06 16:49:27.817731+00"
5046,"2020-03-20","AAPL",55.8187255859375,"2024-04-06 16:49:27.817732+00"
5047,"2020-03-23","AAPL",54.63288879394531,"2024-04-06 16:49:27.817733+00"
5048,"2020-03-24","AAPL",60.11396789550781,"2024-04-06 16:49:27.817734+00"
5049,"2020-03-25","AAPL",59.782814025878906,"2024-04-06 16:49:27.817735+00"
5050,"2020-03-26","AAPL",62.92874526977539,"2024-04-06 16:49:27.817736+00"
5051,"2020-03-27","AAPL",60.323368072509766,"2024-04-06 16:49:27.817737+00"
5052,"2020-03-30","AAPL",62.04487991333008,"2024-04-06 16:49:27.817738+00"
5053,"2020-03-31","AAPL",61.918251037597656,"2024-04-06 16:49:27.817739+00"
5054,"2020-04-01","AAPL",58.660301208496094,"2024-04-06 16:49:27.81774+00"
5055,"2020-04-02","AAPL",59.63914489746094,"2024-04-06 16:49:27.817741+00"
5056,"2020-04-03","AAPL",58.78204345703125,"2024-04-06 16:49:27.817742+00"
5057,"2020-04-06","AAPL",63.9100341796875,"2024-04-06 16:49:27.817743+00"
5058,"2020-04-07","AAPL",63.1698112487793,"2024-04-06 16:49:27.817745+00"
5059,"2020-04-08","AAPL",64.78663635253906,"2024-04-06 16:49:27.817746+00"
5060,"2020-04-09","AAPL",65.25413513183594,"2024-04-06 16:49:27.817747+00"
5062,"2020-04-14","AAPL",69.89513397216797,"2024-04-06 16:49:27.817749+00"
5063,"2020-04-15","AAPL",69.2572021484375,"2024-04-06 16:49:27.81775+00"
5064,"2020-04-16","AAPL",69.8074722290039,"2024-04-06 16:49:27.817751+00"
5065,"2020-04-17","AAPL",68.86027526855469,"2024-04-06 16:49:27.817752+00"
5066,"2020-04-20","AAPL",67.43097686767578,"2024-04-06 16:49:27.817753+00"
5067,"2020-04-21","AAPL",65.34664154052734,"2024-04-06 16:49:27.817754+00"
5068,"2020-04-22","AAPL",67.22886657714844,"2024-04-06 16:49:27.817755+00"
5069,"2020-04-23","AAPL",66.96833038330078,"2024-04-06 16:49:27.817756+00"
5070,"2020-04-24","AAPL",68.90168762207031,"2024-04-06 16:49:27.817757+00"
5071,"2020-04-27","AAPL",68.95038604736328,"2024-04-06 16:49:27.817758+00"
5072,"2020-04-28","AAPL",67.83273315429688,"2024-04-06 16:49:27.817759+00"
5073,"2020-04-29","AAPL",70.06071472167969,"2024-04-06 16:49:27.81776+00"
5074,"2020-04-30","AAPL",71.5387191772461,"2024-04-06 16:49:27.817761+00"
5075,"2020-05-01","AAPL",70.38699340820312,"2024-04-06 16:49:27.817762+00"
5076,"2020-05-04","AAPL",71.38288116455078,"2024-04-06 16:49:27.817763+00"
5077,"2020-05-05","AAPL",72.45426177978516,"2024-04-06 16:49:27.817764+00"
5078,"2020-05-06","AAPL",73.20178985595703,"2024-04-06 16:49:27.817765+00"
5079,"2020-05-07","AAPL",73.95905303955078,"2024-04-06 16:49:27.817766+00"
5080,"2020-05-08","AAPL",75.71941375732422,"2024-04-06 16:49:27.817767+00"
5081,"2020-05-11","AAPL",76.91088104248047,"2024-04-06 16:49:27.817768+00"
5082,"2020-05-12","AAPL",76.03192901611328,"2024-04-06 16:49:27.817769+00"
5083,"2020-05-13","AAPL",75.11392211914062,"2024-04-06 16:49:27.817771+00"
5084,"2020-05-14","AAPL",75.57535552978516,"2024-04-06 16:49:27.817772+00"
5085,"2020-05-15","AAPL",75.12857055664062,"2024-04-06 16:49:27.817773+00"
5086,"2020-05-18","AAPL",76.89866638183594,"2024-04-06 16:49:27.817774+00"
5087,"2020-05-19","AAPL",76.4543228149414,"2024-04-06 16:49:27.817775+00"
5088,"2020-05-20","AAPL",77.94122314453125,"2024-04-06 16:49:27.817776+00"
5089,"2020-05-21","AAPL",77.36012268066406,"2024-04-06 16:49:27.817777+00"
5090,"2020-05-22","AAPL",77.85821533203125,"2024-04-06 16:49:27.817778+00"
5091,"2020-05-26","AAPL",77.3308334350586,"2024-04-06 16:49:27.817779+00"
5092,"2020-05-27","AAPL",77.66775512695312,"2024-04-06 16:49:27.81778+00"
5093,"2020-05-28","AAPL",77.70193481445312,"2024-04-06 16:49:27.817781+00"
5094,"2020-05-29","AAPL",77.62626647949219,"2024-04-06 16:49:27.817784+00"
5095,"2020-06-01","AAPL",78.58089447021484,"2024-04-06 16:49:27.817787+00"
5096,"2020-06-02","AAPL",78.94469451904297,"2024-04-06 16:49:27.817788+00"
5097,"2020-06-03","AAPL",79.37926483154297,"2024-04-06 16:49:27.817789+00"
5098,"2020-06-04","AAPL",78.6956558227539,"2024-04-06 16:49:27.81779+00"
5099,"2020-06-05","AAPL",80.93697357177734,"2024-04-06 16:49:27.817791+00"
5100,"2020-06-08","AAPL",81.41553497314453,"2024-04-06 16:49:27.817792+00"
5101,"2020-06-09","AAPL",83.98644256591797,"2024-04-06 16:49:27.817793+00"
5102,"2020-06-10","AAPL",86.14723205566406,"2024-04-06 16:49:27.817794+00"
5103,"2020-06-11","AAPL",82.01124572753906,"2024-04-06 16:49:27.817795+00"
5104,"2020-06-12","AAPL",82.71929931640625,"2024-04-06 16:49:27.817806+00"
5105,"2020-06-15","AAPL",83.74231719970703,"2024-04-06 16:49:27.817807+00"
5106,"2020-06-16","AAPL",85.9616470336914,"2024-04-06 16:49:27.817808+00"
5107,"2020-06-17","AAPL",85.84202575683594,"2024-04-06 16:49:27.817809+00"
5108,"2020-06-18","AAPL",85.876220703125,"2024-04-06 16:49:27.81781+00"
5109,"2020-06-19","AAPL",85.3854751586914,"2024-04-06 16:49:27.817811+00"
5110,"2020-06-22","AAPL",87.61947631835938,"2024-04-06 16:49:27.817812+00"
5111,"2020-06-23","AAPL",89.48968505859375,"2024-04-06 16:49:27.817813+00"
5112,"2020-06-24","AAPL",87.90999603271484,"2024-04-06 16:49:27.817814+00"
5113,"2020-06-25","AAPL",89.0770492553711,"2024-04-06 16:49:27.817815+00"
5114,"2020-06-26","AAPL",86.3401107788086,"2024-04-06 16:49:27.817816+00"
5115,"2020-06-29","AAPL",88.3299789428711,"2024-04-06 16:49:27.81782+00"
5116,"2020-06-30","AAPL",89.06729125976562,"2024-04-06 16:49:27.817821+00"
5117,"2020-07-01","AAPL",88.8988265991211,"2024-04-06 16:49:27.817822+00"
5118,"2020-07-02","AAPL",88.8988265991211,"2024-04-06 16:49:27.817823+00"
5119,"2020-07-06","AAPL",91.27689361572266,"2024-04-06 16:49:27.817824+00"
5120,"2020-07-07","AAPL",90.9936752319336,"2024-04-06 16:49:27.817825+00"
5121,"2020-07-08","AAPL",93.11292266845703,"2024-04-06 16:49:27.817826+00"
5122,"2020-07-09","AAPL",93.51334381103516,"2024-04-06 16:49:27.817827+00"
5123,"2020-07-10","AAPL",93.67692565917969,"2024-04-06 16:49:27.817828+00"
5124,"2020-07-13","AAPL",93.24475860595703,"2024-04-06 16:49:27.817829+00"
5125,"2020-07-14","AAPL",94.78783416748047,"2024-04-06 16:49:27.81783+00"
5126,"2020-07-15","AAPL",95.43971252441406,"2024-04-06 16:49:27.817831+00"
5127,"2020-07-16","AAPL",94.26534271240234,"2024-04-06 16:49:27.817832+00"
5128,"2020-07-17","AAPL",94.07489013671875,"2024-04-06 16:49:27.817833+00"
5129,"2020-07-20","AAPL",96.05741119384766,"2024-04-06 16:49:27.817834+00"
5130,"2020-07-21","AAPL",94.73167419433594,"2024-04-06 16:49:27.817836+00"
5131,"2020-07-22","AAPL",94.99779510498047,"2024-04-06 16:49:27.817837+00"
5132,"2020-07-23","AAPL",90.6738510131836,"2024-04-06 16:49:27.817838+00"
5133,"2020-07-24","AAPL",90.4491958618164,"2024-04-06 16:49:27.817839+00"
5134,"2020-07-27","AAPL",92.59288787841797,"2024-04-06 16:49:27.81784+00"
5135,"2020-07-28","AAPL",91.07179260253906,"2024-04-06 16:49:27.817841+00"
5136,"2020-07-29","AAPL",92.8175048828125,"2024-04-06 16:49:27.817843+00"
5137,"2020-07-30","AAPL",93.94060516357422,"2024-04-06 16:49:27.817844+00"
5138,"2020-07-31","AAPL",103.77511596679688,"2024-04-06 16:49:27.817845+00"
5139,"2020-08-03","AAPL",106.39000701904297,"2024-04-06 16:49:27.817846+00"
5140,"2020-08-04","AAPL",107.10047912597656,"2024-04-06 16:49:27.817847+00"
5141,"2020-08-05","AAPL",107.48870849609375,"2024-04-06 16:49:27.817848+00"
5142,"2020-08-06","AAPL",111.2389144897461,"2024-04-06 16:49:27.817849+00"
5143,"2020-08-07","AAPL",108.70979309082031,"2024-04-06 16:49:27.81785+00"
5144,"2020-08-10","AAPL",110.28987884521484,"2024-04-06 16:49:27.817851+00"
5145,"2020-08-11","AAPL",107.00988006591797,"2024-04-06 16:49:27.817852+00"
5146,"2020-08-12","AAPL",110.5662612915039,"2024-04-06 16:49:27.817853+00"
5147,"2020-08-13","AAPL",112.52302551269531,"2024-04-06 16:49:27.817854+00"
5148,"2020-08-14","AAPL",112.42273712158203,"2024-04-06 16:49:27.817855+00"
5149,"2020-08-17","AAPL",112.12922668457031,"2024-04-06 16:49:27.817856+00"
5150,"2020-08-18","AAPL",113.0635757446289,"2024-04-06 16:49:27.817857+00"
5151,"2020-08-19","AAPL",113.20542907714844,"2024-04-06 16:49:27.817858+00"
5152,"2020-08-20","AAPL",115.7174301147461,"2024-04-06 16:49:27.817859+00"
5153,"2020-08-21","AAPL",121.68062591552734,"2024-04-06 16:49:27.81786+00"
5154,"2020-08-24","AAPL",123.13594818115234,"2024-04-06 16:49:27.817861+00"
5155,"2020-08-25","AAPL",122.12577819824219,"2024-04-06 16:49:27.817862+00"
5156,"2020-08-26","AAPL",123.78659057617188,"2024-04-06 16:49:27.817863+00"
5157,"2020-08-27","AAPL",122.3067855834961,"2024-04-06 16:49:27.817865+00"
5158,"2020-08-28","AAPL",122.10865783691406,"2024-04-06 16:49:27.817866+00"
5159,"2020-08-31","AAPL",126.24964141845703,"2024-04-06 16:49:27.817868+00"
5160,"2020-09-01","AAPL",131.27850341796875,"2024-04-06 16:49:27.817869+00"
5161,"2020-09-02","AAPL",128.55859375,"2024-04-06 16:49:27.81787+00"
5162,"2020-09-03","AAPL",118.2660903930664,"2024-04-06 16:49:27.817871+00"
5163,"2020-09-04","AAPL",118.3443832397461,"2024-04-06 16:49:27.817872+00"
5164,"2020-09-08","AAPL",110.38037872314453,"2024-04-06 16:49:27.817873+00"
5165,"2020-09-09","AAPL",114.78306579589844,"2024-04-06 16:49:27.817874+00"
5166,"2020-09-10","AAPL",111.03589630126953,"2024-04-06 16:49:27.817875+00"
5167,"2020-09-11","AAPL",109.57811737060547,"2024-04-06 16:49:27.817876+00"
5168,"2020-09-14","AAPL",112.8654556274414,"2024-04-06 16:49:27.817877+00"
5169,"2020-09-15","AAPL",113.04156494140625,"2024-04-06 16:49:27.817878+00"
5170,"2020-09-16","AAPL",109.70529174804688,"2024-04-06 16:49:27.817879+00"
5171,"2020-09-17","AAPL",107.9540023803711,"2024-04-06 16:49:27.81788+00"
5172,"2020-09-18","AAPL",104.52969360351562,"2024-04-06 16:49:27.817881+00"
5173,"2020-09-21","AAPL",107.69963836669922,"2024-04-06 16:49:27.817882+00"
5174,"2020-09-22","AAPL",109.39221954345703,"2024-04-06 16:49:27.817883+00"
5175,"2020-09-23","AAPL",104.80363464355469,"2024-04-06 16:49:27.817884+00"
5176,"2020-09-24","AAPL",105.87985229492188,"2024-04-06 16:49:27.817885+00"
5177,"2020-09-25","AAPL",109.8520736694336,"2024-04-06 16:49:27.817886+00"
5178,"2020-09-28","AAPL",112.47410583496094,"2024-04-06 16:49:27.817887+00"
5179,"2020-09-29","AAPL",111.62290954589844,"2024-04-06 16:49:27.81789+00"
5180,"2020-09-30","AAPL",113.30573272705078,"2024-04-06 16:49:27.817892+00"
5181,"2020-10-01","AAPL",114.26453399658203,"2024-04-06 16:49:27.817893+00"
5182,"2020-10-02","AAPL",110.57605743408203,"2024-04-06 16:49:27.817897+00"
5183,"2020-10-05","AAPL",113.9808120727539,"2024-04-06 16:49:27.817898+00"
5184,"2020-10-06","AAPL",110.7130355834961,"2024-04-06 16:49:27.817899+00"
5185,"2020-10-07","AAPL",112.59149932861328,"2024-04-06 16:49:27.8179+00"
5186,"2020-10-08","AAPL",112.48388671875,"2024-04-06 16:49:27.817901+00"
5187,"2020-10-09","AAPL",114.4406509399414,"2024-04-06 16:49:27.817902+00"
5188,"2020-10-12","AAPL",121.70999145507812,"2024-04-06 16:49:27.817903+00"
5189,"2020-10-13","AAPL",118.48133850097656,"2024-04-06 16:49:27.817904+00"
5190,"2020-10-14","AAPL",118.56937408447266,"2024-04-06 16:49:27.817905+00"
5191,"2020-10-15","AAPL",118.09976959228516,"2024-04-06 16:49:27.817906+00"
5192,"2020-10-16","AAPL",116.4463119506836,"2024-04-06 16:49:27.817907+00"
5193,"2020-10-19","AAPL",113.47203826904297,"2024-04-06 16:49:27.817909+00"
5194,"2020-10-20","AAPL",114.9689712524414,"2024-04-06 16:49:27.81791+00"
5195,"2020-10-21","AAPL",114.34280395507812,"2024-04-06 16:49:27.817911+00"
5196,"2020-10-22","AAPL",113.24700927734375,"2024-04-06 16:49:27.817911+00"
5197,"2020-10-23","AAPL",112.55237579345703,"2024-04-06 16:49:27.817912+00"
5198,"2020-10-26","AAPL",112.56216430664062,"2024-04-06 16:49:27.817914+00"
5199,"2020-10-27","AAPL",114.07864379882812,"2024-04-06 16:49:27.817915+00"
5200,"2020-10-28","AAPL",108.79541015625,"2024-04-06 16:49:27.817919+00"
5201,"2020-10-29","AAPL",112.8263168334961,"2024-04-06 16:49:27.81792+00"
5202,"2020-10-30","AAPL",106.5060043334961,"2024-04-06 16:49:27.817921+00"
5203,"2020-11-02","AAPL",106.4179458618164,"2024-04-06 16:49:27.817922+00"
5204,"2020-11-03","AAPL",108.05183410644531,"2024-04-06 16:49:27.817923+00"
5205,"2020-11-04","AAPL",112.46430969238281,"2024-04-06 16:49:27.817924+00"
5206,"2020-11-05","AAPL",116.4560775756836,"2024-04-06 16:49:27.817925+00"
5207,"2020-11-06","AAPL",116.32379913330078,"2024-04-06 16:49:27.817926+00"
5208,"2020-11-09","AAPL",114.00102233886719,"2024-04-06 16:49:27.817927+00"
5209,"2020-11-10","AAPL",113.65802001953125,"2024-04-06 16:49:27.817928+00"
5210,"2020-11-11","AAPL",117.10784912109375,"2024-04-06 16:49:27.817929+00"
5211,"2020-11-12","AAPL",116.83341979980469,"2024-04-06 16:49:27.81793+00"
5212,"2020-11-13","AAPL",116.88243865966797,"2024-04-06 16:49:27.817931+00"
5213,"2020-11-16","AAPL",117.9017105102539,"2024-04-06 16:49:27.817932+00"
5214,"2020-11-17","AAPL",117.00983428955078,"2024-04-06 16:49:27.817934+00"
5215,"2020-11-18","AAPL",115.67694091796875,"2024-04-06 16:49:27.817935+00"
5216,"2020-11-19","AAPL",116.27478790283203,"2024-04-06 16:49:27.817936+00"
5217,"2020-11-20","AAPL",115.00070190429688,"2024-04-06 16:49:27.817937+00"
5218,"2020-11-23","AAPL",111.58027648925781,"2024-04-06 16:49:27.817938+00"
5219,"2020-11-24","AAPL",112.87397003173828,"2024-04-06 16:49:27.817939+00"
5220,"2020-11-25","AAPL",113.7168197631836,"2024-04-06 16:49:27.81794+00"
5221,"2020-11-27","AAPL",114.2656478881836,"2024-04-06 16:49:27.817943+00"
5222,"2020-11-30","AAPL",116.6766357421875,"2024-04-06 16:49:27.817944+00"
5223,"2020-12-01","AAPL",120.27344512939453,"2024-04-06 16:49:27.817945+00"
5224,"2020-12-02","AAPL",120.62627410888672,"2024-04-06 16:49:27.817947+00"
5225,"2020-12-03","AAPL",120.48906707763672,"2024-04-06 16:49:27.817948+00"
5226,"2020-12-04","AAPL",119.81281280517578,"2024-04-06 16:49:27.817949+00"
5227,"2020-12-07","AAPL",121.28292083740234,"2024-04-06 16:49:27.81795+00"
5228,"2020-12-08","AAPL",121.90034484863281,"2024-04-06 16:49:27.817951+00"
5229,"2020-12-09","AAPL",119.35218811035156,"2024-04-06 16:49:27.817952+00"
5230,"2020-12-10","AAPL",120.78307342529297,"2024-04-06 16:49:27.817953+00"
5231,"2020-12-11","AAPL",119.96964263916016,"2024-04-06 16:49:27.817954+00"
5232,"2020-12-14","AAPL",119.35218811035156,"2024-04-06 16:49:27.817955+00"
5233,"2020-12-15","AAPL",125.33056640625,"2024-04-06 16:49:27.817956+00"
5234,"2020-12-16","AAPL",125.2619857788086,"2024-04-06 16:49:27.817957+00"
5235,"2020-12-17","AAPL",126.13422393798828,"2024-04-06 16:49:27.817958+00"
5236,"2020-12-18","AAPL",124.1348876953125,"2024-04-06 16:49:27.817959+00"
5237,"2020-12-21","AAPL",125.67359161376953,"2024-04-06 16:49:27.81796+00"
5238,"2020-12-22","AAPL",129.25083923339844,"2024-04-06 16:49:27.817961+00"
5239,"2020-12-23","AAPL",128.34918212890625,"2024-04-06 16:49:27.817962+00"
5240,"2020-12-24","AAPL",129.33905029296875,"2024-04-06 16:49:27.817963+00"
5241,"2020-12-28","AAPL",133.96495056152344,"2024-04-06 16:49:27.817964+00"
5242,"2020-12-29","AAPL",132.18125915527344,"2024-04-06 16:49:27.817965+00"
5243,"2020-12-30","AAPL",131.0541534423828,"2024-04-06 16:49:27.817967+00"
5244,"2020-12-31","AAPL",130.04466247558594,"2024-04-06 16:49:27.817968+00"
12867,"2020-01-02","META",209.55764770507812,"2024-04-06 16:49:30.98562+00"
12868,"2020-01-03","META",208.44883728027344,"2024-04-06 16:49:30.985621+00"
12869,"2020-01-06","META",212.3746795654297,"2024-04-06 16:49:30.985622+00"
12870,"2020-01-07","META",212.8341827392578,"2024-04-06 16:49:30.985624+00"
12871,"2020-01-08","META",214.9918975830078,"2024-04-06 16:49:30.985625+00"
12872,"2020-01-09","META",218.06863403320312,"2024-04-06 16:49:30.985627+00"
12873,"2020-01-10","META",217.82887268066406,"2024-04-06 16:49:30.985628+00"
12874,"2020-01-13","META",221.6748046875,"2024-04-06 16:49:30.985629+00"
12875,"2020-01-14","META",218.82781982421875,"2024-04-06 16:49:30.98563+00"
12876,"2020-01-15","META",220.9156036376953,"2024-04-06 16:49:30.985632+00"
12877,"2020-01-16","META",221.5349578857422,"2024-04-06 16:49:30.985633+00"
12878,"2020-01-17","META",221.90455627441406,"2024-04-06 16:49:30.985635+00"
12879,"2020-01-21","META",221.20530700683594,"2024-04-06 16:49:30.985636+00"
12880,"2020-01-22","META",221.08543395996094,"2024-04-06 16:49:30.985637+00"
12881,"2020-01-23","META",219.52706909179688,"2024-04-06 16:49:30.985639+00"
12882,"2020-01-24","META",217.70901489257812,"2024-04-06 16:49:30.98564+00"
12883,"2020-01-27","META",214.6422576904297,"2024-04-06 16:49:30.985641+00"
12884,"2020-01-28","META",217.5591583251953,"2024-04-06 16:49:30.985643+00"
12885,"2020-01-29","META",222.99339294433594,"2024-04-06 16:49:30.985644+00"
12886,"2020-01-30","META",209.30792236328125,"2024-04-06 16:49:30.985645+00"
12887,"2020-01-31","META",201.6959991455078,"2024-04-06 16:49:30.985647+00"
12888,"2020-02-03","META",203.9735870361328,"2024-04-06 16:49:30.985648+00"
12889,"2020-02-04","META",209.60760498046875,"2024-04-06 16:49:30.985649+00"
12890,"2020-02-05","META",209.88731384277344,"2024-04-06 16:49:30.985651+00"
12891,"2020-02-06","META",210.62652587890625,"2024-04-06 16:49:30.985652+00"
12892,"2020-02-07","META",212.10494995117188,"2024-04-06 16:49:30.985653+00"
12893,"2020-02-10","META",212.8341827392578,"2024-04-06 16:49:30.985655+00"
12894,"2020-02-11","META",206.97039794921875,"2024-04-06 16:49:30.985656+00"
12895,"2020-02-12","META",210.53660583496094,"2024-04-06 16:49:30.985657+00"
12896,"2020-02-13","META",212.91409301757812,"2024-04-06 16:49:30.985659+00"
12897,"2020-02-14","META",213.95298767089844,"2024-04-06 16:49:30.98566+00"
12898,"2020-02-18","META",217.56915283203125,"2024-04-06 16:49:30.985661+00"
12899,"2020-02-19","META",217.25949096679688,"2024-04-06 16:49:30.985662+00"
12900,"2020-02-20","META",214.35256958007812,"2024-04-06 16:49:30.985664+00"
12901,"2020-02-21","META",209.9572296142578,"2024-04-06 16:49:30.985665+00"
12902,"2020-02-24","META",200.50726318359375,"2024-04-06 16:49:30.985666+00"
12903,"2020-02-25","META",196.5614471435547,"2024-04-06 16:49:30.985668+00"
12904,"2020-02-26","META",196.99098205566406,"2024-04-06 16:49:30.985669+00"
12905,"2020-02-27","META",189.54888916015625,"2024-04-06 16:49:30.985671+00"
12906,"2020-02-28","META",192.26600646972656,"2024-04-06 16:49:30.985673+00"
12907,"2020-03-02","META",196.23179626464844,"2024-04-06 16:49:30.985674+00"
12908,"2020-03-03","META",185.69297790527344,"2024-04-06 16:49:30.985675+00"
12909,"2020-03-04","META",191.55674743652344,"2024-04-06 16:49:30.985677+00"
12910,"2020-03-05","META",184.97373962402344,"2024-04-06 16:49:30.985678+00"
12911,"2020-03-06","META",180.89805603027344,"2024-04-06 16:49:30.985679+00"
12912,"2020-03-09","META",169.32034301757812,"2024-04-06 16:49:30.98568+00"
12913,"2020-03-10","META",178.0011444091797,"2024-04-06 16:49:30.985682+00"
12914,"2020-03-11","META",170.0595703125,"2024-04-06 16:49:30.985683+00"
12915,"2020-03-12","META",154.3062744140625,"2024-04-06 16:49:30.985684+00"
12916,"2020-03-13","META",170.09951782226562,"2024-04-06 16:49:30.985686+00"
12917,"2020-03-16","META",145.85523986816406,"2024-04-06 16:49:30.985687+00"
12918,"2020-03-17","META",149.26162719726562,"2024-04-06 16:49:30.985688+00"
12919,"2020-03-18","META",146.8042449951172,"2024-04-06 16:49:30.98569+00"
12920,"2020-03-19","META",152.9676971435547,"2024-04-06 16:49:30.985691+00"
12921,"2020-03-20","META",149.57130432128906,"2024-04-06 16:49:30.985692+00"
12922,"2020-03-23","META",147.9430389404297,"2024-04-06 16:49:30.985694+00"
12923,"2020-03-24","META",160.8093719482422,"2024-04-06 16:49:30.985695+00"
12924,"2020-03-25","META",156.04444885253906,"2024-04-06 16:49:30.985696+00"
12925,"2020-03-26","META",163.1668701171875,"2024-04-06 16:49:30.985698+00"
12926,"2020-03-27","META",156.62380981445312,"2024-04-06 16:49:30.985699+00"
12927,"2020-03-30","META",165.77410888671875,"2024-04-06 16:49:30.9857+00"
12928,"2020-03-31","META",166.6232147216797,"2024-04-06 16:49:30.985702+00"
12929,"2020-04-01","META",159.43084716796875,"2024-04-06 16:49:30.985703+00"
12930,"2020-04-02","META",158.0223388671875,"2024-04-06 16:49:30.985704+00"
12931,"2020-04-03","META",154.01658630371094,"2024-04-06 16:49:30.985705+00"
12932,"2020-04-06","META",165.37454223632812,"2024-04-06 16:49:30.985707+00"
12933,"2020-04-07","META",168.65106201171875,"2024-04-06 16:49:30.985708+00"
12934,"2020-04-08","META",174.09527587890625,"2024-04-06 16:49:30.985709+00"
12935,"2020-04-09","META",175.0043182373047,"2024-04-06 16:49:30.985711+00"
12936,"2020-04-13","META",174.604736328125,"2024-04-06 16:49:30.985712+00"
12937,"2020-04-14","META",177.9811553955078,"2024-04-06 16:49:30.985714+00"
12938,"2020-04-15","META",176.7824249267578,"2024-04-06 16:49:30.985715+00"
12939,"2020-04-16","META",176.06320190429688,"2024-04-06 16:49:30.985716+00"
12940,"2020-04-17","META",179.05003356933594,"2024-04-06 16:49:30.985718+00"
12941,"2020-04-20","META",178.05108642578125,"2024-04-06 16:49:30.985719+00"
12942,"2020-04-21","META",170.6189727783203,"2024-04-06 16:49:30.98572+00"
12943,"2020-04-22","META",182.08680725097656,"2024-04-06 16:49:30.985722+00"
12944,"2020-04-23","META",184.9337921142578,"2024-04-06 16:49:30.985723+00"
12945,"2020-04-24","META",189.86856079101562,"2024-04-06 16:49:30.985725+00"
12946,"2020-04-27","META",187.30126953125,"2024-04-06 16:49:30.985726+00"
12947,"2020-04-28","META",182.7161407470703,"2024-04-06 16:49:30.985727+00"
12948,"2020-04-29","META",193.9841766357422,"2024-04-06 16:49:30.985728+00"
12949,"2020-04-30","META",204.4930419921875,"2024-04-06 16:49:30.985732+00"
12950,"2020-05-01","META",202.0556182861328,"2024-04-06 16:49:30.985733+00"
12951,"2020-05-04","META",205.0424346923828,"2024-04-06 16:49:30.985734+00"
12952,"2020-05-05","META",206.8505401611328,"2024-04-06 16:49:30.985736+00"
12953,"2020-05-06","META",208.24903869628906,"2024-04-06 16:49:30.985737+00"
12954,"2020-05-07","META",211.0360870361328,"2024-04-06 16:49:30.985738+00"
12955,"2020-05-08","META",212.12493896484375,"2024-04-06 16:49:30.985739+00"
12956,"2020-05-11","META",212.95404052734375,"2024-04-06 16:49:30.985741+00"
12957,"2020-05-12","META",209.8773193359375,"2024-04-06 16:49:30.985742+00"
12958,"2020-05-13","META",204.88262939453125,"2024-04-06 16:49:30.985743+00"
12959,"2020-05-14","META",206.59080505371094,"2024-04-06 16:49:30.985745+00"
12960,"2020-05-15","META",210.656494140625,"2024-04-06 16:49:30.985746+00"
12961,"2020-05-18","META",212.96405029296875,"2024-04-06 16:49:30.985747+00"
12962,"2020-05-19","META",216.65013122558594,"2024-04-06 16:49:30.985749+00"
12963,"2020-05-20","META",229.72625732421875,"2024-04-06 16:49:30.98575+00"
12964,"2020-05-21","META",231.14474487304688,"2024-04-06 16:49:30.985751+00"
12965,"2020-05-22","META",234.66102600097656,"2024-04-06 16:49:30.985753+00"
12966,"2020-05-26","META",231.95388793945312,"2024-04-06 16:49:30.985754+00"
12967,"2020-05-27","META",228.8971405029297,"2024-04-06 16:49:30.985755+00"
12968,"2020-05-28","META",225.22103881835938,"2024-04-06 16:49:30.985757+00"
12969,"2020-05-29","META",224.85142517089844,"2024-04-06 16:49:30.985758+00"
12970,"2020-06-01","META",231.66419982910156,"2024-04-06 16:49:30.98576+00"
12971,"2020-06-02","META",232.4733428955078,"2024-04-06 16:49:30.985761+00"
12972,"2020-06-03","META",229.9160614013672,"2024-04-06 16:49:30.985762+00"
12973,"2020-06-04","META",226.05015563964844,"2024-04-06 16:49:30.985764+00"
12974,"2020-06-05","META",230.52540588378906,"2024-04-06 16:49:30.985765+00"
12975,"2020-06-08","META",231.1547393798828,"2024-04-06 16:49:30.985766+00"
12976,"2020-06-09","META",238.4170379638672,"2024-04-06 16:49:30.985768+00"
12977,"2020-06-10","META",236.47909545898438,"2024-04-06 16:49:30.985769+00"
12978,"2020-06-11","META",224.19212341308594,"2024-04-06 16:49:30.98577+00"
12979,"2020-06-12","META",228.33773803710938,"2024-04-06 16:49:30.985785+00"
12980,"2020-06-15","META",232.25357055664062,"2024-04-06 16:49:30.985786+00"
12981,"2020-06-16","META",235.40023803710938,"2024-04-06 16:49:30.985787+00"
12982,"2020-06-17","META",235.28036499023438,"2024-04-06 16:49:30.985789+00"
12983,"2020-06-18","META",235.68992614746094,"2024-04-06 16:49:30.98579+00"
12984,"2020-06-19","META",238.53689575195312,"2024-04-06 16:49:30.985791+00"
12985,"2020-06-22","META",238.96646118164062,"2024-04-06 16:49:30.985793+00"
12986,"2020-06-23","META",241.98326110839844,"2024-04-06 16:49:30.985794+00"
12987,"2020-06-24","META",233.77197265625,"2024-04-06 16:49:30.985795+00"
12988,"2020-06-25","META",235.43019104003906,"2024-04-06 16:49:30.985797+00"
12989,"2020-06-26","META",215.85098266601562,"2024-04-06 16:49:30.985798+00"
12990,"2020-06-29","META",220.40614318847656,"2024-04-06 16:49:30.985799+00"
12991,"2020-06-30","META",226.829345703125,"2024-04-06 16:49:30.985802+00"
12992,"2020-07-01","META",237.29823303222656,"2024-04-06 16:49:30.985804+00"
12993,"2020-07-02","META",233.17259216308594,"2024-04-06 16:49:30.985805+00"
12994,"2020-07-06","META",240.02532958984375,"2024-04-06 16:49:30.985806+00"
12995,"2020-07-07","META",240.60472106933594,"2024-04-06 16:49:30.985808+00"
12996,"2020-07-08","META",243.32183837890625,"2024-04-06 16:49:30.985809+00"
12997,"2020-07-09","META",244.24085998535156,"2024-04-06 16:49:30.98581+00"
12998,"2020-07-10","META",244.8102569580078,"2024-04-06 16:49:30.985812+00"
12999,"2020-07-13","META",238.74668884277344,"2024-04-06 16:49:30.985813+00"
13000,"2020-07-14","META",239.4759063720703,"2024-04-06 16:49:30.985814+00"
13001,"2020-07-15","META",240.02532958984375,"2024-04-06 16:49:30.985816+00"
13002,"2020-07-16","META",240.6746368408203,"2024-04-06 16:49:30.985817+00"
13003,"2020-07-17","META",241.77346801757812,"2024-04-06 16:49:30.985818+00"
13004,"2020-07-20","META",245.15988159179688,"2024-04-06 16:49:30.98582+00"
13005,"2020-07-21","META",241.4937744140625,"2024-04-06 16:49:30.985821+00"
13006,"2020-07-22","META",239.61575317382812,"2024-04-06 16:49:30.985822+00"
13007,"2020-07-23","META",232.3534698486328,"2024-04-06 16:49:30.985823+00"
13008,"2020-07-24","META",230.46548461914062,"2024-04-06 16:49:30.985825+00"
13009,"2020-07-27","META",233.2525177001953,"2024-04-06 16:49:30.985826+00"
13010,"2020-07-28","META",229.8760986328125,"2024-04-06 16:49:30.985827+00"
13011,"2020-07-29","META",233.042724609375,"2024-04-06 16:49:30.985829+00"
13012,"2020-07-30","META",234.25144958496094,"2024-04-06 16:49:30.98583+00"
13013,"2020-07-31","META",253.40113830566406,"2024-04-06 16:49:30.985831+00"
13014,"2020-08-03","META",251.69296264648438,"2024-04-06 16:49:30.985833+00"
13015,"2020-08-04","META",249.56521606445312,"2024-04-06 16:49:30.985834+00"
13016,"2020-08-05","META",248.85595703125,"2024-04-06 16:49:30.985835+00"
13017,"2020-08-06","META",264.99884033203125,"2024-04-06 16:49:30.985836+00"
13018,"2020-08-07","META",268.1554870605469,"2024-04-06 16:49:30.985838+00"
13019,"2020-08-10","META",262.72125244140625,"2024-04-06 16:49:30.985839+00"
13020,"2020-08-11","META",255.85853576660156,"2024-04-06 16:49:30.98584+00"
13021,"2020-08-12","META",259.61456298828125,"2024-04-06 16:49:30.985842+00"
13022,"2020-08-13","META",261.0230407714844,"2024-04-06 16:49:30.985843+00"
13023,"2020-08-14","META",260.9631042480469,"2024-04-06 16:49:30.985844+00"
13024,"2020-08-17","META",260.8832092285156,"2024-04-06 16:49:30.985846+00"
13025,"2020-08-18","META",262.06195068359375,"2024-04-06 16:49:30.985847+00"
13026,"2020-08-19","META",262.3116760253906,"2024-04-06 16:49:30.985848+00"
13027,"2020-08-20","META",268.7248840332031,"2024-04-06 16:49:30.98585+00"
13028,"2020-08-21","META",266.7270202636719,"2024-04-06 16:49:30.985851+00"
13029,"2020-08-24","META",271.10235595703125,"2024-04-06 16:49:30.985852+00"
13030,"2020-08-25","META",280.5223693847656,"2024-04-06 16:49:30.985854+00"
13031,"2020-08-26","META",303.587890625,"2024-04-06 16:49:30.985855+00"
13032,"2020-08-27","META",292.9092102050781,"2024-04-06 16:49:30.985856+00"
13033,"2020-08-28","META",293.3487548828125,"2024-04-06 16:49:30.985857+00"
13034,"2020-08-31","META",292.8892517089844,"2024-04-06 16:49:30.985859+00"
13035,"2020-09-01","META",295.1268615722656,"2024-04-06 16:49:30.985861+00"
13036,"2020-09-02","META",302.17938232421875,"2024-04-06 16:49:30.985862+00"
13037,"2020-09-03","META",290.8114318847656,"2024-04-06 16:49:30.985863+00"
13038,"2020-09-04","META",282.43035888671875,"2024-04-06 16:49:30.985865+00"
13039,"2020-09-08","META",270.8725891113281,"2024-04-06 16:49:30.985866+00"
13040,"2020-09-09","META",273.4299011230469,"2024-04-06 16:49:30.985867+00"
13041,"2020-09-10","META",267.80584716796875,"2024-04-06 16:49:30.985868+00"
13042,"2020-09-11","META",266.3274230957031,"2024-04-06 16:49:30.98587+00"
13043,"2020-09-14","META",265.8678894042969,"2024-04-06 16:49:30.985871+00"
13044,"2020-09-15","META",272.13128662109375,"2024-04-06 16:49:30.985872+00"
13045,"2020-09-16","META",263.2406921386719,"2024-04-06 16:49:30.985874+00"
13046,"2020-09-17","META",254.5499267578125,"2024-04-06 16:49:30.985875+00"
13047,"2020-09-18","META",252.26234436035156,"2024-04-06 16:49:30.985876+00"
13048,"2020-09-21","META",247.88697814941406,"2024-04-06 16:49:30.985878+00"
13049,"2020-09-22","META",254.47999572753906,"2024-04-06 16:49:30.985879+00"
13050,"2020-09-23","META",248.75607299804688,"2024-04-06 16:49:30.98588+00"
13051,"2020-09-24","META",249.26551818847656,"2024-04-06 16:49:30.985882+00"
13052,"2020-09-25","META",254.5499267578125,"2024-04-06 16:49:30.985883+00"
13053,"2020-09-28","META",256.5478210449219,"2024-04-06 16:49:30.985884+00"
13054,"2020-09-29","META",261.5125427246094,"2024-04-06 16:49:30.985886+00"
13055,"2020-09-30","META",261.6224060058594,"2024-04-06 16:49:30.985887+00"
13056,"2020-10-01","META",266.347412109375,"2024-04-06 16:49:30.985888+00"
13057,"2020-10-02","META",259.66448974609375,"2024-04-06 16:49:30.98589+00"
13058,"2020-10-05","META",264.3695068359375,"2024-04-06 16:49:30.985891+00"
13059,"2020-10-06","META",258.3858642578125,"2024-04-06 16:49:30.985892+00"
13060,"2020-10-07","META",257.8464050292969,"2024-04-06 16:49:30.985893+00"
13061,"2020-10-08","META",263.4804382324219,"2024-04-06 16:49:30.985895+00"
13062,"2020-10-09","META",264.16973876953125,"2024-04-06 16:49:30.985896+00"
13063,"2020-10-12","META",275.4577331542969,"2024-04-06 16:49:30.985897+00"
13064,"2020-10-13","META",275.84735107421875,"2024-04-06 16:49:30.985899+00"
13065,"2020-10-14","META",271.53192138671875,"2024-04-06 16:49:30.9859+00"
13066,"2020-10-15","META",266.43731689453125,"2024-04-06 16:49:30.985901+00"
13067,"2020-10-16","META",265.64813232421875,"2024-04-06 16:49:30.985902+00"
13068,"2020-10-19","META",261.1229248046875,"2024-04-06 16:49:30.985904+00"
13069,"2020-10-20","META",267.27642822265625,"2024-04-06 16:49:30.985905+00"
13070,"2020-10-21","META",278.4346008300781,"2024-04-06 16:49:30.985906+00"
13071,"2020-10-22","META",277.8252258300781,"2024-04-06 16:49:30.985908+00"
13072,"2020-10-23","META",284.4881591796875,"2024-04-06 16:49:30.985909+00"
13073,"2020-10-26","META",276.8162841796875,"2024-04-06 16:49:30.98591+00"
13074,"2020-10-27","META",282.98974609375,"2024-04-06 16:49:30.985911+00"
13075,"2020-10-28","META",267.3863220214844,"2024-04-06 16:49:30.985913+00"
13076,"2020-10-29","META",280.5323486328125,"2024-04-06 16:49:30.985914+00"
13077,"2020-10-30","META",262.83111572265625,"2024-04-06 16:49:30.985916+00"
13078,"2020-11-02","META",261.0829772949219,"2024-04-06 16:49:30.985918+00"
13079,"2020-11-03","META",265.018798828125,"2024-04-06 16:49:30.985919+00"
13080,"2020-11-04","META",287.0754089355469,"2024-04-06 16:49:30.98592+00"
13081,"2020-11-05","META",294.36767578125,"2024-04-06 16:49:30.985921+00"
13082,"2020-11-06","META",293.0990295410156,"2024-04-06 16:49:30.985923+00"
13083,"2020-11-09","META",278.4745178222656,"2024-04-06 16:49:30.985924+00"
13084,"2020-11-10","META",272.1412353515625,"2024-04-06 16:49:30.985925+00"
13085,"2020-11-11","META",276.1869812011719,"2024-04-06 16:49:30.985927+00"
13086,"2020-11-12","META",274.7884216308594,"2024-04-06 16:49:30.985928+00"
13087,"2020-11-13","META",276.6564636230469,"2024-04-06 16:49:30.985929+00"
13088,"2020-11-16","META",278.6643371582031,"2024-04-06 16:49:30.985931+00"
13089,"2020-11-17","META",274.7085266113281,"2024-04-06 16:49:30.985932+00"
13090,"2020-11-18","META",271.6817321777344,"2024-04-06 16:49:30.985933+00"
13091,"2020-11-19","META",272.6507263183594,"2024-04-06 16:49:30.985935+00"
13092,"2020-11-20","META",269.4141540527344,"2024-04-06 16:49:30.985936+00"
13093,"2020-11-23","META",268.1454772949219,"2024-04-06 16:49:30.985938+00"
13094,"2020-11-24","META",276.6264953613281,"2024-04-06 16:49:30.985939+00"
13095,"2020-11-25","META",275.29791259765625,"2024-04-06 16:49:30.98594+00"
13096,"2020-11-27","META",277.51556396484375,"2024-04-06 16:49:30.985942+00"
13097,"2020-11-30","META",276.67645263671875,"2024-04-06 16:49:30.985943+00"
13098,"2020-12-01","META",286.24627685546875,"2024-04-06 16:49:30.985944+00"
13099,"2020-12-02","META",287.2152404785156,"2024-04-06 16:49:30.985945+00"
13100,"2020-12-03","META",281.55126953125,"2024-04-06 16:49:30.985947+00"
13101,"2020-12-04","META",279.403564453125,"2024-04-06 16:49:30.985948+00"
13102,"2020-12-07","META",285.2773132324219,"2024-04-06 16:49:30.985949+00"
13103,"2020-12-08","META",283.099609375,"2024-04-06 16:49:30.98595+00"
13104,"2020-12-09","META",277.6254577636719,"2024-04-06 16:49:30.985952+00"
13105,"2020-12-10","META",276.8262634277344,"2024-04-06 16:49:30.985953+00"
13106,"2020-12-11","META",273.2600402832031,"2024-04-06 16:49:30.985954+00"
13107,"2020-12-14","META",273.8993835449219,"2024-04-06 16:49:30.985955+00"
13108,"2020-12-15","META",275.2579345703125,"2024-04-06 16:49:30.985957+00"
13109,"2020-12-16","META",275.3778381347656,"2024-04-06 16:49:30.985958+00"
13110,"2020-12-17","META",274.1890869140625,"2024-04-06 16:49:30.985959+00"
13111,"2020-12-18","META",276.1070251464844,"2024-04-06 16:49:30.985961+00"
13112,"2020-12-21","META",272.5008850097656,"2024-04-06 16:49:30.985962+00"
13113,"2020-12-22","META",266.8069152832031,"2024-04-06 16:49:30.985963+00"
13114,"2020-12-23","META",267.8258056640625,"2024-04-06 16:49:30.985965+00"
13115,"2020-12-24","META",267.1165771484375,"2024-04-06 16:49:30.985966+00"
13116,"2020-12-28","META",276.7064208984375,"2024-04-06 16:49:30.985967+00"
13117,"2020-12-29","META",276.48663330078125,"2024-04-06 16:49:30.985968+00"
13118,"2020-12-30","META",271.58184814453125,"2024-04-06 16:49:30.98597+00"
13119,"2020-12-31","META",272.8704833984375,"2024-04-06 16:49:30.985971+00"
14442,"2020-01-02","GOOG",68.36849975585938,"2024-04-06 16:49:31.852593+00"
14443,"2020-01-03","GOOG",68.03299713134766,"2024-04-06 16:49:31.852594+00"
14444,"2020-01-06","GOOG",69.71050262451172,"2024-04-06 16:49:31.852595+00"
14445,"2020-01-07","GOOG",69.66699981689453,"2024-04-06 16:49:31.852596+00"
14446,"2020-01-08","GOOG",70.21600341796875,"2024-04-06 16:49:31.852596+00"
14447,"2020-01-09","GOOG",70.99150085449219,"2024-04-06 16:49:31.852597+00"
14448,"2020-01-10","GOOG",71.48650360107422,"2024-04-06 16:49:31.852598+00"
14449,"2020-01-13","GOOG",71.96150207519531,"2024-04-06 16:49:31.852599+00"
14450,"2020-01-14","GOOG",71.54399871826172,"2024-04-06 16:49:31.8526+00"
14451,"2020-01-15","GOOG",71.95999908447266,"2024-04-06 16:49:31.852601+00"
14452,"2020-01-16","GOOG",72.58499908447266,"2024-04-06 16:49:31.852602+00"
14453,"2020-01-17","GOOG",74.01950073242188,"2024-04-06 16:49:31.852602+00"
14454,"2020-01-21","GOOG",74.22000122070312,"2024-04-06 16:49:31.852603+00"
14455,"2020-01-22","GOOG",74.29750061035156,"2024-04-06 16:49:31.852604+00"
14456,"2020-01-23","GOOG",74.3324966430664,"2024-04-06 16:49:31.852605+00"
14457,"2020-01-24","GOOG",73.33550262451172,"2024-04-06 16:49:31.852606+00"
14458,"2020-01-27","GOOG",71.69499969482422,"2024-04-06 16:49:31.852607+00"
14459,"2020-01-28","GOOG",72.62799835205078,"2024-04-06 16:49:31.852607+00"
14460,"2020-01-29","GOOG",72.93150329589844,"2024-04-06 16:49:31.852608+00"
14461,"2020-01-30","GOOG",72.79199981689453,"2024-04-06 16:49:31.852609+00"
14462,"2020-01-31","GOOG",71.71150207519531,"2024-04-06 16:49:31.85261+00"
14463,"2020-02-03","GOOG",74.2969970703125,"2024-04-06 16:49:31.852611+00"
14464,"2020-02-04","GOOG",72.35350036621094,"2024-04-06 16:49:31.852612+00"
14465,"2020-02-05","GOOG",72.4114990234375,"2024-04-06 16:49:31.852612+00"
14466,"2020-02-06","GOOG",73.8115005493164,"2024-04-06 16:49:31.852613+00"
14467,"2020-02-07","GOOG",73.96150207519531,"2024-04-06 16:49:31.852614+00"
14468,"2020-02-10","GOOG",75.43399810791016,"2024-04-06 16:49:31.852615+00"
14469,"2020-02-11","GOOG",75.43949890136719,"2024-04-06 16:49:31.852616+00"
14470,"2020-02-12","GOOG",75.91349792480469,"2024-04-06 16:49:31.852617+00"
14471,"2020-02-13","GOOG",75.73300170898438,"2024-04-06 16:49:31.852617+00"
14472,"2020-02-14","GOOG",76.03700256347656,"2024-04-06 16:49:31.852618+00"
14473,"2020-02-18","GOOG",75.9834976196289,"2024-04-06 16:49:31.852619+00"
14474,"2020-02-19","GOOG",76.33450317382812,"2024-04-06 16:49:31.85262+00"
14475,"2020-02-20","GOOG",75.90750122070312,"2024-04-06 16:49:31.852621+00"
14476,"2020-02-21","GOOG",74.25550079345703,"2024-04-06 16:49:31.852621+00"
14477,"2020-02-24","GOOG",71.07949829101562,"2024-04-06 16:49:31.852622+00"
14478,"2020-02-25","GOOG",69.42250061035156,"2024-04-06 16:49:31.852623+00"
14479,"2020-02-26","GOOG",69.65899658203125,"2024-04-06 16:49:31.852624+00"
14480,"2020-02-27","GOOG",65.90450286865234,"2024-04-06 16:49:31.852625+00"
14481,"2020-02-28","GOOG",66.96649932861328,"2024-04-06 16:49:31.852626+00"
14482,"2020-03-02","GOOG",69.45549774169922,"2024-04-06 16:49:31.852626+00"
14483,"2020-03-03","GOOG",67.06950378417969,"2024-04-06 16:49:31.852627+00"
14484,"2020-03-04","GOOG",69.32599639892578,"2024-04-06 16:49:31.852628+00"
14485,"2020-03-05","GOOG",65.9520034790039,"2024-04-06 16:49:31.852629+00"
14486,"2020-03-06","GOOG",64.92050170898438,"2024-04-06 16:49:31.85263+00"
14487,"2020-03-09","GOOG",60.77799987792969,"2024-04-06 16:49:31.852631+00"
14488,"2020-03-10","GOOG",64.01950073242188,"2024-04-06 16:49:31.852632+00"
14489,"2020-03-11","GOOG",60.77050018310547,"2024-04-06 16:49:31.852632+00"
14490,"2020-03-12","GOOG",55.74549865722656,"2024-04-06 16:49:31.852633+00"
14491,"2020-03-13","GOOG",60.98649978637695,"2024-04-06 16:49:31.852634+00"
14492,"2020-03-16","GOOG",54.21649932861328,"2024-04-06 16:49:31.852635+00"
14493,"2020-03-17","GOOG",55.9900016784668,"2024-04-06 16:49:31.852636+00"
14494,"2020-03-18","GOOG",54.84000015258789,"2024-04-06 16:49:31.852637+00"
14495,"2020-03-19","GOOG",55.76449966430664,"2024-04-06 16:49:31.852637+00"
14496,"2020-03-20","GOOG",53.61600112915039,"2024-04-06 16:49:31.852638+00"
14497,"2020-03-23","GOOG",52.83100128173828,"2024-04-06 16:49:31.852639+00"
14498,"2020-03-24","GOOG",56.722999572753906,"2024-04-06 16:49:31.85264+00"
14499,"2020-03-25","GOOG",55.1245002746582,"2024-04-06 16:49:31.852641+00"
14500,"2020-03-26","GOOG",58.087501525878906,"2024-04-06 16:49:31.852642+00"
14501,"2020-03-27","GOOG",55.535499572753906,"2024-04-06 16:49:31.852643+00"
14502,"2020-03-30","GOOG",57.340999603271484,"2024-04-06 16:49:31.852643+00"
14503,"2020-03-31","GOOG",58.140499114990234,"2024-04-06 16:49:31.852644+00"
14504,"2020-04-01","GOOG",55.28099822998047,"2024-04-06 16:49:31.852645+00"
14505,"2020-04-02","GOOG",56.04199981689453,"2024-04-06 16:49:31.852646+00"
14506,"2020-04-03","GOOG",54.89400100708008,"2024-04-06 16:49:31.852647+00"
14507,"2020-04-06","GOOG",59.34600067138672,"2024-04-06 16:49:31.852647+00"
14508,"2020-04-07","GOOG",59.32550048828125,"2024-04-06 16:49:31.852648+00"
14509,"2020-04-08","GOOG",60.513999938964844,"2024-04-06 16:49:31.852649+00"
14510,"2020-04-09","GOOG",60.5724983215332,"2024-04-06 16:49:31.85265+00"
14511,"2020-04-13","GOOG",60.87799835205078,"2024-04-06 16:49:31.852651+00"
14512,"2020-04-14","GOOG",63.46149826049805,"2024-04-06 16:49:31.852652+00"
14513,"2020-04-15","GOOG",63.12350082397461,"2024-04-06 16:49:31.852652+00"
14514,"2020-04-16","GOOG",63.173500061035156,"2024-04-06 16:49:31.852653+00"
14515,"2020-04-17","GOOG",64.1624984741211,"2024-04-06 16:49:31.852654+00"
14516,"2020-04-20","GOOG",63.330501556396484,"2024-04-06 16:49:31.852655+00"
14517,"2020-04-21","GOOG",60.81700134277344,"2024-04-06 16:49:31.852656+00"
14518,"2020-04-22","GOOG",63.160499572753906,"2024-04-06 16:49:31.852657+00"
14519,"2020-04-23","GOOG",63.81549835205078,"2024-04-06 16:49:31.852658+00"
14520,"2020-04-24","GOOG",63.96549987792969,"2024-04-06 16:49:31.852658+00"
14521,"2020-04-27","GOOG",63.79399871826172,"2024-04-06 16:49:31.852659+00"
14522,"2020-04-28","GOOG",61.68349838256836,"2024-04-06 16:49:31.85266+00"
14523,"2020-04-29","GOOG",67.0739974975586,"2024-04-06 16:49:31.852661+00"
14524,"2020-04-30","GOOG",67.43299865722656,"2024-04-06 16:49:31.852662+00"
14525,"2020-05-01","GOOG",66.03050231933594,"2024-04-06 16:49:31.852663+00"
14526,"2020-05-04","GOOG",66.33999633789062,"2024-04-06 16:49:31.852664+00"
14527,"2020-05-05","GOOG",67.55549621582031,"2024-04-06 16:49:31.852665+00"
14528,"2020-05-06","GOOG",67.36499786376953,"2024-04-06 16:49:31.852665+00"
14529,"2020-05-07","GOOG",68.62799835205078,"2024-04-06 16:49:31.852666+00"
14530,"2020-05-08","GOOG",69.41850280761719,"2024-04-06 16:49:31.852667+00"
14531,"2020-05-11","GOOG",70.16300201416016,"2024-04-06 16:49:31.852668+00"
14532,"2020-05-12","GOOG",68.78700256347656,"2024-04-06 16:49:31.852669+00"
14533,"2020-05-13","GOOG",67.46649932861328,"2024-04-06 16:49:31.85267+00"
14534,"2020-05-14","GOOG",67.80650329589844,"2024-04-06 16:49:31.85267+00"
14535,"2020-05-15","GOOG",68.65950012207031,"2024-04-06 16:49:31.852671+00"
14536,"2020-05-18","GOOG",69.1969985961914,"2024-04-06 16:49:31.852672+00"
14537,"2020-05-19","GOOG",68.67424774169922,"2024-04-06 16:49:31.852673+00"
14538,"2020-05-20","GOOG",70.33599853515625,"2024-04-06 16:49:31.852674+00"
14539,"2020-05-21","GOOG",70.13999938964844,"2024-04-06 16:49:31.852675+00"
14540,"2020-05-22","GOOG",70.52100372314453,"2024-04-06 16:49:31.852675+00"
14541,"2020-05-26","GOOG",70.85099792480469,"2024-04-06 16:49:31.852676+00"
14542,"2020-05-27","GOOG",70.89199829101562,"2024-04-06 16:49:31.852677+00"
14543,"2020-05-28","GOOG",70.83650207519531,"2024-04-06 16:49:31.852678+00"
14544,"2020-05-29","GOOG",71.44599914550781,"2024-04-06 16:49:31.852679+00"
14545,"2020-06-01","GOOG",71.59100341796875,"2024-04-06 16:49:31.85268+00"
14546,"2020-06-02","GOOG",71.96099853515625,"2024-04-06 16:49:31.85268+00"
14547,"2020-06-03","GOOG",71.81900024414062,"2024-04-06 16:49:31.852681+00"
14548,"2020-06-04","GOOG",70.60900115966797,"2024-04-06 16:49:31.852682+00"
14549,"2020-06-05","GOOG",71.91950225830078,"2024-04-06 16:49:31.852683+00"
14550,"2020-06-08","GOOG",72.33049774169922,"2024-04-06 16:49:31.852684+00"
14551,"2020-06-09","GOOG",72.80799865722656,"2024-04-06 16:49:31.852685+00"
14552,"2020-06-10","GOOG",73.2925033569336,"2024-04-06 16:49:31.852686+00"
14553,"2020-06-11","GOOG",70.19200134277344,"2024-04-06 16:49:31.852686+00"
14554,"2020-06-12","GOOG",70.65899658203125,"2024-04-06 16:49:31.852694+00"
14555,"2020-06-15","GOOG",70.99250030517578,"2024-04-06 16:49:31.852695+00"
14556,"2020-06-16","GOOG",72.13600158691406,"2024-04-06 16:49:31.852696+00"
14557,"2020-06-17","GOOG",72.55599975585938,"2024-04-06 16:49:31.852696+00"
14558,"2020-06-18","GOOG",71.7979965209961,"2024-04-06 16:49:31.852697+00"
14559,"2020-06-19","GOOG",71.58599853515625,"2024-04-06 16:49:31.852698+00"
14560,"2020-06-22","GOOG",72.59300231933594,"2024-04-06 16:49:31.852699+00"
14561,"2020-06-23","GOOG",73.22049713134766,"2024-04-06 16:49:31.8527+00"
14562,"2020-06-24","GOOG",71.59850311279297,"2024-04-06 16:49:31.852701+00"
14563,"2020-06-25","GOOG",72.06649780273438,"2024-04-06 16:49:31.852702+00"
14564,"2020-06-26","GOOG",67.99500274658203,"2024-04-06 16:49:31.852702+00"
14565,"2020-06-29","GOOG",69.74849700927734,"2024-04-06 16:49:31.852703+00"
14566,"2020-06-30","GOOG",70.68049621582031,"2024-04-06 16:49:31.852704+00"
14567,"2020-07-01","GOOG",71.9020004272461,"2024-04-06 16:49:31.852705+00"
14568,"2020-07-02","GOOG",73.23500061035156,"2024-04-06 16:49:31.852706+00"
14569,"2020-07-06","GOOG",74.78500366210938,"2024-04-06 16:49:31.852707+00"
14570,"2020-07-07","GOOG",74.25900268554688,"2024-04-06 16:49:31.852708+00"
14571,"2020-07-08","GOOG",74.80000305175781,"2024-04-06 16:49:31.852708+00"
14572,"2020-07-09","GOOG",75.54949951171875,"2024-04-06 16:49:31.852709+00"
14573,"2020-07-10","GOOG",77.08699798583984,"2024-04-06 16:49:31.85271+00"
14574,"2020-07-13","GOOG",75.56700134277344,"2024-04-06 16:49:31.852711+00"
14575,"2020-07-14","GOOG",76.02899932861328,"2024-04-06 16:49:31.852712+00"
14576,"2020-07-15","GOOG",75.68199920654297,"2024-04-06 16:49:31.852712+00"
14577,"2020-07-16","GOOG",75.9000015258789,"2024-04-06 16:49:31.852713+00"
14578,"2020-07-17","GOOG",75.77749633789062,"2024-04-06 16:49:31.852714+00"
14579,"2020-07-20","GOOG",78.28600311279297,"2024-04-06 16:49:31.852715+00"
14580,"2020-07-21","GOOG",77.9209976196289,"2024-04-06 16:49:31.852716+00"
14581,"2020-07-22","GOOG",78.42449951171875,"2024-04-06 16:49:31.852716+00"
14582,"2020-07-23","GOOG",75.78399658203125,"2024-04-06 16:49:31.852717+00"
14583,"2020-07-24","GOOG",75.59349822998047,"2024-04-06 16:49:31.852718+00"
14584,"2020-07-27","GOOG",76.51000213623047,"2024-04-06 16:49:31.852719+00"
14585,"2020-07-28","GOOG",75.01699829101562,"2024-04-06 16:49:31.85272+00"
14586,"2020-07-29","GOOG",76.10099792480469,"2024-04-06 16:49:31.852721+00"
14587,"2020-07-30","GOOG",76.57250213623047,"2024-04-06 16:49:31.852721+00"
14588,"2020-07-31","GOOG",74.14800262451172,"2024-04-06 16:49:31.852722+00"
14589,"2020-08-03","GOOG",73.72250366210938,"2024-04-06 16:49:31.852723+00"
14590,"2020-08-04","GOOG",73.24849700927734,"2024-04-06 16:49:31.852724+00"
14591,"2020-08-05","GOOG",73.68049621582031,"2024-04-06 16:49:31.852725+00"
14592,"2020-08-06","GOOG",75.00499725341797,"2024-04-06 16:49:31.852726+00"
14593,"2020-08-07","GOOG",74.72450256347656,"2024-04-06 16:49:31.852726+00"
14594,"2020-08-10","GOOG",74.80500030517578,"2024-04-06 16:49:31.852727+00"
14595,"2020-08-11","GOOG",74.01599884033203,"2024-04-06 16:49:31.852728+00"
14596,"2020-08-12","GOOG",75.33100128173828,"2024-04-06 16:49:31.852729+00"
14597,"2020-08-13","GOOG",75.92250061035156,"2024-04-06 16:49:31.85273+00"
14598,"2020-08-14","GOOG",75.3864974975586,"2024-04-06 16:49:31.852731+00"
14599,"2020-08-17","GOOG",75.89900207519531,"2024-04-06 16:49:31.852731+00"
14600,"2020-08-18","GOOG",77.93000030517578,"2024-04-06 16:49:31.852732+00"
14601,"2020-08-19","GOOG",77.37650299072266,"2024-04-06 16:49:31.852733+00"
14602,"2020-08-20","GOOG",79.0875015258789,"2024-04-06 16:49:31.852734+00"
14603,"2020-08-21","GOOG",79.02100372314453,"2024-04-06 16:49:31.852735+00"
14604,"2020-08-24","GOOG",79.41000366210938,"2024-04-06 16:49:31.852736+00"
14605,"2020-08-25","GOOG",80.41100311279297,"2024-04-06 16:49:31.852736+00"
14606,"2020-08-26","GOOG",82.61900329589844,"2024-04-06 16:49:31.852737+00"
14607,"2020-08-27","GOOG",81.71649932861328,"2024-04-06 16:49:31.852738+00"
14608,"2020-08-28","GOOG",82.22049713134766,"2024-04-06 16:49:31.852739+00"
14609,"2020-08-31","GOOG",81.70899963378906,"2024-04-06 16:49:31.85274+00"
14610,"2020-09-01","GOOG",83.0354995727539,"2024-04-06 16:49:31.852741+00"
14611,"2020-09-02","GOOG",86.41400146484375,"2024-04-06 16:49:31.852745+00"
14612,"2020-09-03","GOOG",82.09200286865234,"2024-04-06 16:49:31.852746+00"
14613,"2020-09-04","GOOG",79.552001953125,"2024-04-06 16:49:31.852746+00"
14614,"2020-09-08","GOOG",76.61949920654297,"2024-04-06 16:49:31.852747+00"
14615,"2020-09-09","GOOG",77.8479995727539,"2024-04-06 16:49:31.852748+00"
14616,"2020-09-10","GOOG",76.60099792480469,"2024-04-06 16:49:31.852749+00"
14617,"2020-09-11","GOOG",76.03600311279297,"2024-04-06 16:49:31.85275+00"
14618,"2020-09-14","GOOG",75.96399688720703,"2024-04-06 16:49:31.852751+00"
14619,"2020-09-15","GOOG",77.0719985961914,"2024-04-06 16:49:31.852751+00"
14620,"2020-09-16","GOOG",76.04499816894531,"2024-04-06 16:49:31.852752+00"
14621,"2020-09-17","GOOG",74.77649688720703,"2024-04-06 16:49:31.852753+00"
14622,"2020-09-18","GOOG",72.99949645996094,"2024-04-06 16:49:31.852754+00"
14623,"2020-09-21","GOOG",71.55799865722656,"2024-04-06 16:49:31.852755+00"
14624,"2020-09-22","GOOG",73.27300262451172,"2024-04-06 16:49:31.852755+00"
14625,"2020-09-23","GOOG",70.760498046875,"2024-04-06 16:49:31.852756+00"
14626,"2020-09-24","GOOG",71.41449737548828,"2024-04-06 16:49:31.852757+00"
14627,"2020-09-25","GOOG",72.24800109863281,"2024-04-06 16:49:31.852758+00"
14628,"2020-09-28","GOOG",73.22599792480469,"2024-04-06 16:49:31.852759+00"
14629,"2020-09-29","GOOG",73.46649932861328,"2024-04-06 16:49:31.85276+00"
14630,"2020-09-30","GOOG",73.4800033569336,"2024-04-06 16:49:31.85276+00"
14631,"2020-10-01","GOOG",74.50450134277344,"2024-04-06 16:49:31.852761+00"
14632,"2020-10-02","GOOG",72.9209976196289,"2024-04-06 16:49:31.852762+00"
14633,"2020-10-05","GOOG",74.3010025024414,"2024-04-06 16:49:31.852763+00"
14634,"2020-10-06","GOOG",72.6719970703125,"2024-04-06 16:49:31.852764+00"
14635,"2020-10-07","GOOG",73.0145034790039,"2024-04-06 16:49:31.852765+00"
14636,"2020-10-08","GOOG",74.29650115966797,"2024-04-06 16:49:31.852765+00"
14637,"2020-10-09","GOOG",75.76100158691406,"2024-04-06 16:49:31.852766+00"
14638,"2020-10-12","GOOG",78.4574966430664,"2024-04-06 16:49:31.852767+00"
14639,"2020-10-13","GOOG",78.58399963378906,"2024-04-06 16:49:31.852768+00"
14640,"2020-10-14","GOOG",78.40399932861328,"2024-04-06 16:49:31.852769+00"
14641,"2020-10-15","GOOG",77.95649719238281,"2024-04-06 16:49:31.852769+00"
14642,"2020-10-16","GOOG",78.65049743652344,"2024-04-06 16:49:31.85277+00"
14643,"2020-10-19","GOOG",76.73049926757812,"2024-04-06 16:49:31.852771+00"
14644,"2020-10-20","GOOG",77.79650115966797,"2024-04-06 16:49:31.852772+00"
14645,"2020-10-21","GOOG",79.66549682617188,"2024-04-06 16:49:31.852773+00"
14646,"2020-10-22","GOOG",80.7665023803711,"2024-04-06 16:49:31.852774+00"
14647,"2020-10-23","GOOG",82.05000305175781,"2024-04-06 16:49:31.852774+00"
14648,"2020-10-26","GOOG",79.52249908447266,"2024-04-06 16:49:31.852775+00"
14649,"2020-10-27","GOOG",80.21299743652344,"2024-04-06 16:49:31.852776+00"
14650,"2020-10-28","GOOG",75.83100128173828,"2024-04-06 16:49:31.852777+00"
14651,"2020-10-29","GOOG",78.36199951171875,"2024-04-06 16:49:31.852778+00"
14652,"2020-10-30","GOOG",81.05049896240234,"2024-04-06 16:49:31.852779+00"
14653,"2020-11-02","GOOG",81.30149841308594,"2024-04-06 16:49:31.85278+00"
14654,"2020-11-03","GOOG",82.510498046875,"2024-04-06 16:49:31.852781+00"
14655,"2020-11-04","GOOG",87.45649719238281,"2024-04-06 16:49:31.852781+00"
14656,"2020-11-05","GOOG",88.16850280761719,"2024-04-06 16:49:31.852782+00"
14657,"2020-11-06","GOOG",88.0875015258789,"2024-04-06 16:49:31.852783+00"
14658,"2020-11-09","GOOG",88.1500015258789,"2024-04-06 16:49:31.852784+00"
14659,"2020-11-10","GOOG",87.01950073242188,"2024-04-06 16:49:31.852785+00"
14660,"2020-11-11","GOOG",87.635498046875,"2024-04-06 16:49:31.852785+00"
14661,"2020-11-12","GOOG",87.49199676513672,"2024-04-06 16:49:31.852786+00"
14662,"2020-11-13","GOOG",88.85099792480469,"2024-04-06 16:49:31.852787+00"
14663,"2020-11-16","GOOG",89.06900024414062,"2024-04-06 16:49:31.852788+00"
14664,"2020-11-17","GOOG",88.50749969482422,"2024-04-06 16:49:31.852789+00"
14665,"2020-11-18","GOOG",87.33899688720703,"2024-04-06 16:49:31.85279+00"
14666,"2020-11-19","GOOG",88.19599914550781,"2024-04-06 16:49:31.85279+00"
14667,"2020-11-20","GOOG",87.1094970703125,"2024-04-06 16:49:31.852791+00"
14668,"2020-11-23","GOOG",86.74299621582031,"2024-04-06 16:49:31.852792+00"
14669,"2020-11-24","GOOG",88.44400024414062,"2024-04-06 16:49:31.852793+00"
14670,"2020-11-25","GOOG",88.57150268554688,"2024-04-06 16:49:31.852794+00"
14671,"2020-11-27","GOOG",89.65950012207031,"2024-04-06 16:49:31.852795+00"
14672,"2020-11-30","GOOG",88.03700256347656,"2024-04-06 16:49:31.852795+00"
14673,"2020-12-01","GOOG",89.90499877929688,"2024-04-06 16:49:31.852799+00"
14674,"2020-12-02","GOOG",91.39749908447266,"2024-04-06 16:49:31.8528+00"
14675,"2020-12-03","GOOG",91.3385009765625,"2024-04-06 16:49:31.852801+00"
14676,"2020-12-04","GOOG",91.39949798583984,"2024-04-06 16:49:31.852802+00"
14677,"2020-12-07","GOOG",90.9739990234375,"2024-04-06 16:49:31.852803+00"
14678,"2020-12-08","GOOG",90.92749786376953,"2024-04-06 16:49:31.852804+00"
14679,"2020-12-09","GOOG",89.20649719238281,"2024-04-06 16:49:31.852805+00"
14680,"2020-12-10","GOOG",88.7665023803711,"2024-04-06 16:49:31.852805+00"
14681,"2020-12-11","GOOG",89.0885009765625,"2024-04-06 16:49:31.852806+00"
14682,"2020-12-14","GOOG",88.00299835205078,"2024-04-06 16:49:31.852807+00"
14683,"2020-12-15","GOOG",88.38849639892578,"2024-04-06 16:49:31.852808+00"
14684,"2020-12-16","GOOG",88.1500015258789,"2024-04-06 16:49:31.852809+00"
14685,"2020-12-17","GOOG",87.3949966430664,"2024-04-06 16:49:31.852809+00"
14686,"2020-12-18","GOOG",86.55049896240234,"2024-04-06 16:49:31.85281+00"
14687,"2020-12-21","GOOG",86.96849822998047,"2024-04-06 16:49:31.852811+00"
14688,"2020-12-22","GOOG",86.17500305175781,"2024-04-06 16:49:31.852812+00"
14689,"2020-12-23","GOOG",86.61900329589844,"2024-04-06 16:49:31.852813+00"
14690,"2020-12-24","GOOG",86.94249725341797,"2024-04-06 16:49:31.852814+00"
14691,"2020-12-28","GOOG",88.80449676513672,"2024-04-06 16:49:31.852815+00"
14692,"2020-12-29","GOOG",87.93599700927734,"2024-04-06 16:49:31.852815+00"
14693,"2020-12-30","GOOG",86.97599792480469,"2024-04-06 16:49:31.852816+00"
14694,"2020-12-31","GOOG",87.59400177001953,"2024-04-06 16:49:31.852817+00"
5061,"2020-04-13","AAPL",66.534912109375,"2024-04-06 16:49:27.817748+00"
110531,"2020-01-23","SPY",310.52587890625,"2024-04-06 16:50:18.935559+00"
110517,"2020-01-02","SPY",304.1136169433594,"2024-04-06 16:50:18.935545+00"
110518,"2020-01-03","SPY",301.8106689453125,"2024-04-06 16:50:18.935546+00"
110519,"2020-01-06","SPY",302.96209716796875,"2024-04-06 16:50:18.935547+00"
110520,"2020-01-07","SPY",302.1102600097656,"2024-04-06 16:50:18.935548+00"
110521,"2020-01-08","SPY",303.7204284667969,"2024-04-06 16:50:18.935549+00"
110522,"2020-01-09","SPY",305.77978515625,"2024-04-06 16:50:18.93555+00"
110523,"2020-01-10","SPY",304.89984130859375,"2024-04-06 16:50:18.935551+00"
110524,"2020-01-13","SPY",306.9967956542969,"2024-04-06 16:50:18.935552+00"
110525,"2020-01-14","SPY",306.5287170410156,"2024-04-06 16:50:18.935553+00"
110526,"2020-01-15","SPY",307.221435546875,"2024-04-06 16:50:18.935554+00"
110527,"2020-01-16","SPY",309.7770080566406,"2024-04-06 16:50:18.935555+00"
110528,"2020-01-17","SPY",310.7411804199219,"2024-04-06 16:50:18.935556+00"
110529,"2020-01-21","SPY",310.1326599121094,"2024-04-06 16:50:18.935557+00"
110530,"2020-01-22","SPY",310.1701965332031,"2024-04-06 16:50:18.935558+00"
110532,"2020-01-24","SPY",307.76434326171875,"2024-04-06 16:50:18.93556+00"
110533,"2020-01-27","SPY",302.8310852050781,"2024-04-06 16:50:18.935561+00"
110534,"2020-01-28","SPY",306.00445556640625,"2024-04-06 16:50:18.935562+00"
110535,"2020-01-29","SPY",305.751708984375,"2024-04-06 16:50:18.935563+00"
110536,"2020-01-30","SPY",306.7439270019531,"2024-04-06 16:50:18.935564+00"
110537,"2020-01-31","SPY",301.1741638183594,"2024-04-06 16:50:18.935565+00"
110538,"2020-02-03","SPY",303.4114074707031,"2024-04-06 16:50:18.935566+00"
110539,"2020-02-04","SPY",308.0359191894531,"2024-04-06 16:50:18.935567+00"
110540,"2020-02-05","SPY",311.593017578125,"2024-04-06 16:50:18.935568+00"
110541,"2020-02-06","SPY",312.6414489746094,"2024-04-06 16:50:18.935569+00"
110542,"2020-02-07","SPY",310.9751892089844,"2024-04-06 16:50:18.93557+00"
110543,"2020-02-10","SPY",313.2967834472656,"2024-04-06 16:50:18.935571+00"
110544,"2020-02-11","SPY",313.8397216796875,"2024-04-06 16:50:18.935572+00"
110545,"2020-02-12","SPY",315.8616943359375,"2024-04-06 16:50:18.935573+00"
110546,"2020-02-13","SPY",315.5246276855469,"2024-04-06 16:50:18.935574+00"
110547,"2020-02-14","SPY",316.03021240234375,"2024-04-06 16:50:18.935575+00"
110548,"2020-02-18","SPY",315.2157897949219,"2024-04-06 16:50:18.935576+00"
110549,"2020-02-19","SPY",316.7228698730469,"2024-04-06 16:50:18.935577+00"
110550,"2020-02-20","SPY",315.4217529296875,"2024-04-06 16:50:18.935578+00"
110551,"2020-02-21","SPY",312.1734313964844,"2024-04-06 16:50:18.935579+00"
110552,"2020-02-24","SPY",301.820068359375,"2024-04-06 16:50:18.93558+00"
110553,"2020-02-25","SPY",292.67425537109375,"2024-04-06 16:50:18.935581+00"
110554,"2020-02-26","SPY",291.5977783203125,"2024-04-06 16:50:18.935582+00"
110555,"2020-02-27","SPY",278.5016174316406,"2024-04-06 16:50:18.935584+00"
110556,"2020-02-28","SPY",277.33148193359375,"2024-04-06 16:50:18.935585+00"
110557,"2020-03-02","SPY",289.3417663574219,"2024-04-06 16:50:18.935586+00"
110558,"2020-03-03","SPY",281.0571594238281,"2024-04-06 16:50:18.935587+00"
110559,"2020-03-04","SPY",292.870849609375,"2024-04-06 16:50:18.935588+00"
110560,"2020-03-05","SPY",283.13531494140625,"2024-04-06 16:50:18.935589+00"
110561,"2020-03-06","SPY",278.4548034667969,"2024-04-06 16:50:18.93559+00"
110562,"2020-03-09","SPY",256.70904541015625,"2024-04-06 16:50:18.935591+00"
110563,"2020-03-10","SPY",269.99237060546875,"2024-04-06 16:50:18.935592+00"
110564,"2020-03-11","SPY",256.8306579589844,"2024-04-06 16:50:18.935593+00"
110565,"2020-03-12","SPY",232.25787353515625,"2024-04-06 16:50:18.935594+00"
110566,"2020-03-13","SPY",252.1127166748047,"2024-04-06 16:50:18.935595+00"
110567,"2020-03-16","SPY",224.52561950683594,"2024-04-06 16:50:18.935596+00"
110568,"2020-03-17","SPY",236.64820861816406,"2024-04-06 16:50:18.935597+00"
110569,"2020-03-18","SPY",224.666015625,"2024-04-06 16:50:18.935598+00"
110570,"2020-03-19","SPY",225.1434326171875,"2024-04-06 16:50:18.935599+00"
110571,"2020-03-20","SPY",215.44107055664062,"2024-04-06 16:50:18.9356+00"
110572,"2020-03-23","SPY",209.9326171875,"2024-04-06 16:50:18.935601+00"
110573,"2020-03-24","SPY",228.9531707763672,"2024-04-06 16:50:18.935602+00"
110574,"2020-03-25","SPY",232.3806610107422,"2024-04-06 16:50:18.935603+00"
110575,"2020-03-26","SPY",245.94932556152344,"2024-04-06 16:50:18.935604+00"
110576,"2020-03-27","SPY",238.62355041503906,"2024-04-06 16:50:18.935605+00"
110577,"2020-03-30","SPY",246.373046875,"2024-04-06 16:50:18.935606+00"
110578,"2020-03-31","SPY",242.7007293701172,"2024-04-06 16:50:18.935607+00"
110579,"2020-04-01","SPY",231.77806091308594,"2024-04-06 16:50:18.935608+00"
110580,"2020-04-02","SPY",237.12640380859375,"2024-04-06 16:50:18.935609+00"
110581,"2020-04-03","SPY",233.6989288330078,"2024-04-06 16:50:18.93561+00"
110582,"2020-04-06","SPY",249.3955841064453,"2024-04-06 16:50:18.935611+00"
110583,"2020-04-07","SPY",249.6498565673828,"2024-04-06 16:50:18.935612+00"
110584,"2020-04-08","SPY",258.03021240234375,"2024-04-06 16:50:18.935613+00"
110585,"2020-04-09","SPY",261.9566955566406,"2024-04-06 16:50:18.935614+00"
110586,"2020-04-13","SPY",259.5650634765625,"2024-04-06 16:50:18.935615+00"
110587,"2020-04-14","SPY",267.22039794921875,"2024-04-06 16:50:18.935616+00"
110588,"2020-04-15","SPY",261.5424499511719,"2024-04-06 16:50:18.935617+00"
110589,"2020-04-16","SPY",262.8041687011719,"2024-04-06 16:50:18.935618+00"
110590,"2020-04-17","SPY",269.9039306640625,"2024-04-06 16:50:18.935619+00"
110591,"2020-04-20","SPY",265.1488342285156,"2024-04-06 16:50:18.93562+00"
110592,"2020-04-21","SPY",257.09796142578125,"2024-04-06 16:50:18.935621+00"
110593,"2020-04-22","SPY",262.8041687011719,"2024-04-06 16:50:18.935622+00"
110594,"2020-04-23","SPY",262.78533935546875,"2024-04-06 16:50:18.935623+00"
110595,"2020-04-24","SPY",266.4482727050781,"2024-04-06 16:50:18.935624+00"
110596,"2020-04-27","SPY",270.2900085449219,"2024-04-06 16:50:18.935625+00"
110597,"2020-04-28","SPY",269.0470886230469,"2024-04-06 16:50:18.935626+00"
110598,"2020-04-29","SPY",276.0903015136719,"2024-04-06 16:50:18.935628+00"
110599,"2020-04-30","SPY",273.51971435546875,"2024-04-06 16:50:18.935629+00"
110600,"2020-05-01","SPY",266.27874755859375,"2024-04-06 16:50:18.93563+00"
110601,"2020-05-04","SPY",267.0132141113281,"2024-04-06 16:50:18.935631+00"
110602,"2020-05-05","SPY",269.48016357421875,"2024-04-06 16:50:18.935632+00"
110603,"2020-05-06","SPY",267.6534729003906,"2024-04-06 16:50:18.935633+00"
110604,"2020-05-07","SPY",270.8832702636719,"2024-04-06 16:50:18.935634+00"
110605,"2020-05-08","SPY",275.3653259277344,"2024-04-06 16:50:18.935635+00"
110606,"2020-05-11","SPY",275.42181396484375,"2024-04-06 16:50:18.935636+00"
110607,"2020-05-12","SPY",269.9322509765625,"2024-04-06 16:50:18.935637+00"
110608,"2020-05-13","SPY",265.15826416015625,"2024-04-06 16:50:18.935638+00"
110609,"2020-05-14","SPY",268.3314208984375,"2024-04-06 16:50:18.935639+00"
110610,"2020-05-15","SPY",269.56500244140625,"2024-04-06 16:50:18.93564+00"
110611,"2020-05-18","SPY",277.77581787109375,"2024-04-06 16:50:18.935641+00"
110612,"2020-05-19","SPY",274.9227294921875,"2024-04-06 16:50:18.935642+00"
110613,"2020-05-20","SPY",279.5931396484375,"2024-04-06 16:50:18.935643+00"
110614,"2020-05-21","SPY",277.6628112792969,"2024-04-06 16:50:18.935644+00"
110615,"2020-05-22","SPY",278.19012451171875,"2024-04-06 16:50:18.935645+00"
110616,"2020-05-26","SPY",281.61761474609375,"2024-04-06 16:50:18.935646+00"
110617,"2020-05-27","SPY",285.80780029296875,"2024-04-06 16:50:18.935647+00"
110618,"2020-05-28","SPY",285.2804260253906,"2024-04-06 16:50:18.935648+00"
110619,"2020-05-29","SPY",286.5516662597656,"2024-04-06 16:50:18.935649+00"
110620,"2020-06-01","SPY",287.7098083496094,"2024-04-06 16:50:18.93565+00"
110621,"2020-06-02","SPY",290.09210205078125,"2024-04-06 16:50:18.935651+00"
110622,"2020-06-03","SPY",293.9527893066406,"2024-04-06 16:50:18.935652+00"
110623,"2020-06-04","SPY",293.1806335449219,"2024-04-06 16:50:18.935653+00"
110624,"2020-06-05","SPY",300.69464111328125,"2024-04-06 16:50:18.935654+00"
110625,"2020-06-08","SPY",304.3293151855469,"2024-04-06 16:50:18.935655+00"
110626,"2020-06-09","SPY",302.05999755859375,"2024-04-06 16:50:18.935656+00"
110627,"2020-06-10","SPY",300.37457275390625,"2024-04-06 16:50:18.935657+00"
110628,"2020-06-11","SPY",283.0582580566406,"2024-04-06 16:50:18.935658+00"
110629,"2020-06-12","SPY",286.4480895996094,"2024-04-06 16:50:18.93567+00"
110630,"2020-06-15","SPY",289.12225341796875,"2024-04-06 16:50:18.935671+00"
110631,"2020-06-16","SPY",294.6872253417969,"2024-04-06 16:50:18.935672+00"
110632,"2020-06-17","SPY",293.4631042480469,"2024-04-06 16:50:18.935673+00"
110633,"2020-06-18","SPY",293.576171875,"2024-04-06 16:50:18.935674+00"
110634,"2020-06-19","SPY",291.8983459472656,"2024-04-06 16:50:18.935675+00"
110635,"2020-06-22","SPY",293.7709655761719,"2024-04-06 16:50:18.935676+00"
110636,"2020-06-23","SPY",295.12335205078125,"2024-04-06 16:50:18.935677+00"
110637,"2020-06-24","SPY",287.5951232910156,"2024-04-06 16:50:18.935678+00"
110638,"2020-06-25","SPY",290.6783447265625,"2024-04-06 16:50:18.935679+00"
110639,"2020-06-26","SPY",283.77423095703125,"2024-04-06 16:50:18.93568+00"
110640,"2020-06-29","SPY",287.945068359375,"2024-04-06 16:50:18.935681+00"
110641,"2020-06-30","SPY",291.6334533691406,"2024-04-06 16:50:18.935682+00"
110642,"2020-07-01","SPY",293.6763000488281,"2024-04-06 16:50:18.935683+00"
110643,"2020-07-02","SPY",295.29364013671875,"2024-04-06 16:50:18.935684+00"
110644,"2020-07-06","SPY",299.8521728515625,"2024-04-06 16:50:18.935685+00"
110645,"2020-07-07","SPY",296.7594299316406,"2024-04-06 16:50:18.935686+00"
110646,"2020-07-08","SPY",299.02935791015625,"2024-04-06 16:50:18.935687+00"
110647,"2020-07-09","SPY",297.3270263671875,"2024-04-06 16:50:18.935688+00"
110648,"2020-07-10","SPY",300.3628845214844,"2024-04-06 16:50:18.935689+00"
110649,"2020-07-13","SPY",297.76202392578125,"2024-04-06 16:50:18.93569+00"
110650,"2020-07-14","SPY",301.6206970214844,"2024-04-06 16:50:18.935691+00"
110651,"2020-07-15","SPY",304.391845703125,"2024-04-06 16:50:18.935692+00"
110652,"2020-07-16","SPY",303.3892822265625,"2024-04-06 16:50:18.935693+00"
110653,"2020-07-17","SPY",304.2688293457031,"2024-04-06 16:50:18.935694+00"
110654,"2020-07-20","SPY",306.7277526855469,"2024-04-06 16:50:18.935695+00"
110655,"2020-07-21","SPY",307.3803405761719,"2024-04-06 16:50:18.935696+00"
110656,"2020-07-22","SPY",309.13006591796875,"2024-04-06 16:50:18.935697+00"
110657,"2020-07-23","SPY",305.4415283203125,"2024-04-06 16:50:18.935698+00"
110658,"2020-07-24","SPY",303.4743957519531,"2024-04-06 16:50:18.935699+00"
110659,"2020-07-27","SPY",305.68743896484375,"2024-04-06 16:50:18.9357+00"
110660,"2020-07-28","SPY",303.7486572265625,"2024-04-06 16:50:18.935701+00"
110661,"2020-07-29","SPY",307.4844055175781,"2024-04-06 16:50:18.935702+00"
110662,"2020-07-30","SPY",306.3873291015625,"2024-04-06 16:50:18.935703+00"
110663,"2020-07-31","SPY",308.8084411621094,"2024-04-06 16:50:18.935704+00"
110664,"2020-08-03","SPY",310.955322265625,"2024-04-06 16:50:18.935705+00"
110665,"2020-08-04","SPY",312.15643310546875,"2024-04-06 16:50:18.935706+00"
110666,"2020-08-05","SPY",314.09521484375,"2024-04-06 16:50:18.935707+00"
110667,"2020-08-06","SPY",316.1947937011719,"2024-04-06 16:50:18.935708+00"
110668,"2020-08-07","SPY",316.42181396484375,"2024-04-06 16:50:18.935709+00"
110669,"2020-08-10","SPY",317.36761474609375,"2024-04-06 16:50:18.93571+00"
110670,"2020-08-11","SPY",314.7477722167969,"2024-04-06 16:50:18.935711+00"
110671,"2020-08-12","SPY",319.1360778808594,"2024-04-06 16:50:18.935712+00"
110672,"2020-08-13","SPY",318.55914306640625,"2024-04-06 16:50:18.935713+00"
110673,"2020-08-14","SPY",318.5686340332031,"2024-04-06 16:50:18.935714+00"
110674,"2020-08-17","SPY",319.58056640625,"2024-04-06 16:50:18.935715+00"
110675,"2020-08-18","SPY",320.27099609375,"2024-04-06 16:50:18.935716+00"
110676,"2020-08-19","SPY",318.9375,"2024-04-06 16:50:18.935717+00"
110677,"2020-08-20","SPY",319.93060302734375,"2024-04-06 16:50:18.935718+00"
110678,"2020-08-21","SPY",321.0654296875,"2024-04-06 16:50:18.935719+00"
110679,"2020-08-24","SPY",324.3189392089844,"2024-04-06 16:50:18.93572+00"
110680,"2020-08-25","SPY",325.45379638671875,"2024-04-06 16:50:18.935721+00"
110681,"2020-08-26","SPY",328.71661376953125,"2024-04-06 16:50:18.935722+00"
110682,"2020-08-27","SPY",329.4353942871094,"2024-04-06 16:50:18.935723+00"
110683,"2020-08-28","SPY",331.5633544921875,"2024-04-06 16:50:18.935724+00"
110684,"2020-08-31","SPY",330.3622741699219,"2024-04-06 16:50:18.935725+00"
110685,"2020-09-01","SPY",333.4737854003906,"2024-04-06 16:50:18.935726+00"
110686,"2020-09-02","SPY",338.2971496582031,"2024-04-06 16:50:18.935727+00"
110687,"2020-09-03","SPY",326.6548767089844,"2024-04-06 16:50:18.935728+00"
110688,"2020-09-04","SPY",323.9879455566406,"2024-04-06 16:50:18.935729+00"
110689,"2020-09-08","SPY",315.135498046875,"2024-04-06 16:50:18.93573+00"
110690,"2020-09-09","SPY",321.3586730957031,"2024-04-06 16:50:18.935731+00"
110691,"2020-09-10","SPY",315.7786865234375,"2024-04-06 16:50:18.935733+00"
110692,"2020-09-11","SPY",315.939453125,"2024-04-06 16:50:18.935733+00"
110693,"2020-09-14","SPY",320.1007385253906,"2024-04-06 16:50:18.935734+00"
110694,"2020-09-15","SPY",321.7180480957031,"2024-04-06 16:50:18.935735+00"
110695,"2020-09-16","SPY",320.4413146972656,"2024-04-06 16:50:18.935736+00"
110696,"2020-09-17","SPY",317.6229553222656,"2024-04-06 16:50:18.935737+00"
110697,"2020-09-18","SPY",313.9661865234375,"2024-04-06 16:50:18.935738+00"
110698,"2020-09-21","SPY",310.471923828125,"2024-04-06 16:50:18.935739+00"
110699,"2020-09-22","SPY",313.6339111328125,"2024-04-06 16:50:18.93574+00"
110700,"2020-09-23","SPY",306.3604431152344,"2024-04-06 16:50:18.935741+00"
110701,"2020-09-24","SPY",307.177001953125,"2024-04-06 16:50:18.935742+00"
110702,"2020-09-25","SPY",312.1431579589844,"2024-04-06 16:50:18.935743+00"
110703,"2020-09-28","SPY",317.3276062011719,"2024-04-06 16:50:18.935744+00"
110704,"2020-09-29","SPY",315.5994567871094,"2024-04-06 16:50:18.935745+00"
110705,"2020-09-30","SPY",317.9922790527344,"2024-04-06 16:50:18.935746+00"
110706,"2020-10-01","SPY",320.03387451171875,"2024-04-06 16:50:18.935747+00"
110707,"2020-10-02","SPY",316.99530029296875,"2024-04-06 16:50:18.935748+00"
110708,"2020-10-05","SPY",322.6165771484375,"2024-04-06 16:50:18.935749+00"
110709,"2020-10-06","SPY",318.0302429199219,"2024-04-06 16:50:18.93575+00"
110710,"2020-10-07","SPY",323.5661315917969,"2024-04-06 16:50:18.935751+00"
110711,"2020-10-08","SPY",326.4337158203125,"2024-04-06 16:50:18.935752+00"
110712,"2020-10-09","SPY",329.3487548828125,"2024-04-06 16:50:18.935753+00"
110713,"2020-10-12","SPY",334.6472473144531,"2024-04-06 16:50:18.935754+00"
110714,"2020-10-13","SPY",332.4632873535156,"2024-04-06 16:50:18.935755+00"
110715,"2020-10-14","SPY",330.3742980957031,"2024-04-06 16:50:18.935756+00"
110716,"2020-10-15","SPY",329.96600341796875,"2024-04-06 16:50:18.935757+00"
110717,"2020-10-16","SPY",329.7666320800781,"2024-04-06 16:50:18.935758+00"
110718,"2020-10-19","SPY",324.7530212402344,"2024-04-06 16:50:18.935759+00"
110719,"2020-10-20","SPY",326.0538635253906,"2024-04-06 16:50:18.93576+00"
110720,"2020-10-21","SPY",325.4366760253906,"2024-04-06 16:50:18.935761+00"
110721,"2020-10-22","SPY",327.22186279296875,"2024-04-06 16:50:18.935762+00"
110722,"2020-10-23","SPY",328.332763671875,"2024-04-06 16:50:18.935763+00"
110723,"2020-10-26","SPY",322.2652282714844,"2024-04-06 16:50:18.935764+00"
110724,"2020-10-27","SPY",321.1542663574219,"2024-04-06 16:50:18.935765+00"
110725,"2020-10-28","SPY",310.17755126953125,"2024-04-06 16:50:18.935766+00"
110726,"2020-10-29","SPY",313.33001708984375,"2024-04-06 16:50:18.935768+00"
110727,"2020-10-30","SPY",310.0635986328125,"2024-04-06 16:50:18.935769+00"
110728,"2020-11-02","SPY",313.53887939453125,"2024-04-06 16:50:18.93577+00"
110729,"2020-11-03","SPY",319.0747375488281,"2024-04-06 16:50:18.935771+00"
110730,"2020-11-04","SPY",326.205810546875,"2024-04-06 16:50:18.935772+00"
110731,"2020-11-05","SPY",332.5677185058594,"2024-04-06 16:50:18.935773+00"
110732,"2020-11-06","SPY",332.49176025390625,"2024-04-06 16:50:18.935774+00"
110733,"2020-11-09","SPY",336.6698303222656,"2024-04-06 16:50:18.935775+00"
110734,"2020-11-10","SPY",336.1759948730469,"2024-04-06 16:50:18.935776+00"
110735,"2020-11-11","SPY",338.67327880859375,"2024-04-06 16:50:18.935777+00"
110737,"2020-11-13","SPY",340.03118896484375,"2024-04-06 16:50:18.935779+00"
110738,"2020-11-16","SPY",344.275634765625,"2024-04-06 16:50:18.935779+00"
110739,"2020-11-17","SPY",342.42401123046875,"2024-04-06 16:50:18.935781+00"
110740,"2020-11-18","SPY",338.30303955078125,"2024-04-06 16:50:18.935782+00"
110741,"2020-11-19","SPY",339.7273254394531,"2024-04-06 16:50:18.935782+00"
110742,"2020-11-20","SPY",337.40087890625,"2024-04-06 16:50:18.935783+00"
110743,"2020-11-23","SPY",339.42340087890625,"2024-04-06 16:50:18.935784+00"
110744,"2020-11-24","SPY",344.8927917480469,"2024-04-06 16:50:18.935785+00"
110745,"2020-11-25","SPY",344.361083984375,"2024-04-06 16:50:18.935786+00"
110746,"2020-11-27","SPY",345.3200988769531,"2024-04-06 16:50:18.935787+00"
110747,"2020-11-30","SPY",343.7913513183594,"2024-04-06 16:50:18.935789+00"
110748,"2020-12-01","SPY",347.55157470703125,"2024-04-06 16:50:18.93579+00"
110749,"2020-12-02","SPY",348.28271484375,"2024-04-06 16:50:18.935791+00"
110750,"2020-12-03","SPY",348.1876525878906,"2024-04-06 16:50:18.935792+00"
110751,"2020-12-04","SPY",351.18829345703125,"2024-04-06 16:50:18.935793+00"
110752,"2020-12-07","SPY",350.4665832519531,"2024-04-06 16:50:18.935794+00"
110753,"2020-12-08","SPY",351.4921569824219,"2024-04-06 16:50:18.935795+00"
110754,"2020-12-09","SPY",348.33966064453125,"2024-04-06 16:50:18.935796+00"
110755,"2020-12-10","SPY",348.2256774902344,"2024-04-06 16:50:18.935797+00"
110756,"2020-12-11","SPY",347.81744384765625,"2024-04-06 16:50:18.935798+00"
110757,"2020-12-14","SPY",346.26019287109375,"2024-04-06 16:50:18.935799+00"
110758,"2020-12-15","SPY",350.94140625,"2024-04-06 16:50:18.9358+00"
110759,"2020-12-16","SPY",351.4921569824219,"2024-04-06 16:50:18.9358+00"
110760,"2020-12-17","SPY",353.45770263671875,"2024-04-06 16:50:18.935801+00"
110761,"2020-12-18","SPY",352.0463562011719,"2024-04-06 16:50:18.935802+00"
110762,"2020-12-21","SPY",350.78765869140625,"2024-04-06 16:50:18.935803+00"
110763,"2020-12-22","SPY",350.1964111328125,"2024-04-06 16:50:18.935804+00"
110764,"2020-12-23","SPY",350.5111389160156,"2024-04-06 16:50:18.935805+00"
110765,"2020-12-24","SPY",351.8747253417969,"2024-04-06 16:50:18.935806+00"
110766,"2020-12-28","SPY",354.8976745605469,"2024-04-06 16:50:18.935807+00"
110767,"2020-12-29","SPY",354.2205810546875,"2024-04-06 16:50:18.935808+00"
110768,"2020-12-30","SPY",354.7259216308594,"2024-04-06 16:50:18.93581+00"
110769,"2020-12-31","SPY",356.5282897949219,"2024-04-06 16:50:18.935811+00"
110736,"2020-11-12","SPY",335.38787841796875,"2024-04-06 16:50:18.935778+00"
